ID,곡,아티스트,예상 난이도,장르,분위기 유형,핵심 테크닉 태그,설명 feature,상태
S0001,Billie Jean,Michael Jackson,Lv.1,Pop;Funk Pop,그루브/펑키,8비트;옥타브;뮤트;포켓,"포켓/그루브가 전부인 펑키 타입. 쉼표, 고스트노트, 액센트 컨트롤이 포인트. 난이도 Lv.1(입문) — 핵심: 8비트, 옥타브, 뮤트. 단순하지만 포켓이 전부. 드럼 킥과 1:1로 붙이는 연습. 옥타브 점프에서 왼손 뮤트(안 쓰는 줄)를 확실히 잡아 노이즈를 줄이기.",추천
S0002,뛰어!,DAY6,Lv.1,Korea;Pop Rock,신나는/질주,리프반복;타이트한8비트;뮤트;포지션이동,"달리는 에너지의 곡. 일정한 어택과 지구력(오른손/왼손)이 실력의 대부분. 난이도 Lv.1(입문) — 핵심: 리프반복, 타이트한8비트, 뮤트. K-밴드 기본 리프 스타일. 합주에서 드럼 킥에 붙는 습관 만들기. 킥 드럼과 타이트하게 붙이면서 음 길이(특히 쉼표)를 정확히 통제.",추천
S0003,Seven Nation Army,The White Stripes,Lv.1,Rock,신나는/질주,리프반복;타이트한8비트;뮤트;포지션이동,"달리는 에너지의 곡. 일정한 어택과 지구력(오른손/왼손)이 실력의 대부분. 난이도 Lv.1(입문) — 핵심: 리프반복, 타이트한8비트, 뮤트. 리프 반복곡이라 ‘같은 톤/어택’으로 끝까지 밀고 가는 게 포인트. 킥 드럼과 타이트하게 붙이면서 음 길이(특히 쉼표)를 정확히 통제.",추천
S0004,Three Little Birds,Bob Marley & The Wailers,Lv.1,Reggae,여유/레게,오프비트;롱톤;포켓;뮤트,"뒤로 눕는(laid-back) 레게 포켓. 빈 공간을 살리고 1박의 무게를 유지하는 게 포인트. 난이도 Lv.1(입문) — 핵심: 오프비트, 롱톤, 포켓. 레게의 ‘빈 공간’ 감각을 익히기 좋음. 너무 앞서지 않게 뒤로 눕기. 킥 드럼과 타이트하게 붙이면서 음 길이(특히 쉼표)를 정확히 통제.",추천
S0005,벚꽃 엔딩,버스커 버스커,Lv.1,Korea;Pop Rock,잔잔한/감성,리프반복;타이트한8비트;뮤트;포지션이동,"잔잔하고 서정적인 분위기. 베이스가 ‘톤/음 길이’로 곡의 감정을 받쳐줘야 함. 난이도 Lv.1(입문) — 핵심: 리프반복, 타이트한8비트, 뮤트. 코드 진행 위에 베이스가 안정적으로 받쳐주는 타입. 음정/롱톤 컨트롤. 킥 드럼과 타이트하게 붙이면서 음 길이(특히 쉼표)를 정확히 통제.",추천
S0006,Zombie,The Cranberries,Lv.1,Rock,잔잔한/감성,리프반복;타이트한8비트;뮤트;포지션이동,"잔잔하고 서정적인 분위기. 베이스가 ‘톤/음 길이’로 곡의 감정을 받쳐줘야 함. 난이도 Lv.1(입문) — 핵심: 리프반복, 타이트한8비트, 뮤트. 코드톤을 묵직하게 깔아주는 타입. 소리 크게 내기보다 ‘정확하게’. 킥 드럼과 타이트하게 붙이면서 음 길이(특히 쉼표)를 정확히 통제.",추천
S0007,With or Without You,U2,Lv.1,Rock,잔잔한/감성,리프반복;타이트한8비트;뮤트;포지션이동,"잔잔하고 서정적인 분위기. 베이스가 ‘톤/음 길이’로 곡의 감정을 받쳐줘야 함. 난이도 Lv.1(입문) — 핵심: 리프반복, 타이트한8비트, 뮤트. 2마디 패턴을 ‘메트로놈처럼’ 유지. 다이내믹으로 곡의 빌드를 만들기. 킥 드럼과 타이트하게 붙이면서 음 길이(특히 쉼표)를 정확히 통제.",추천
S0008,Stand By Me,Ben E. King,Lv.1,Soul;R&B,잔잔한/감성,리프반복;타이트한8비트;뮤트;포지션이동;롱톤,"잔잔하고 서정적인 분위기. 베이스가 ‘톤/음 길이’로 곡의 감정을 받쳐줘야 함. 난이도 Lv.1(입문) — 핵심: 리프반복, 타이트한8비트, 뮤트. 쉬워 보여도 음 길이/볼륨이 흔들리면 바로 무너짐. 롱톤을 예쁘게. 킥 드럼과 타이트하게 붙이면서 음 길이(특히 쉼표)를 정확히 통제.",추천
S0009,Boogie Wonderland,"Earth, Wind & Fire",Lv.1,Disco;Funk,흥겨운/댄서블,8비트;옥타브;뮤트;포켓,"리듬이 앞으로 끌고 가는 댄서블한 곡. 킥과 포켓을 타이트하게 맞추는 게 핵심. 난이도 Lv.1(입문) — 핵심: 8비트, 옥타브, 뮤트. 반복 리프를 흔들리지 않게 유지하는 연습에 최적. 박이 흔들리면 바로 티 남. 옥타브 점프에서 왼손 뮤트(안 쓰는 줄)를 확실히 잡아 노이즈를 줄이기.",추천
S0010,After Midnight,ASTRO,Lv.1,Korea;Disco,흥겨운/댄서블,8비트;옥타브;뮤트;포켓,"리듬이 앞으로 끌고 가는 댄서블한 곡. 킥과 포켓을 타이트하게 맞추는 게 핵심. 난이도 Lv.1(입문) — 핵심: 8비트, 옥타브, 뮤트. 루트/옥타브 중심으로 ‘쿵-짝’ 타이밍만 정확히 맞춰도 완성도가 확 올라감. 옥타브 점프에서 왼손 뮤트(안 쓰는 줄)를 확실히 잡아 노이즈를 줄이기.",추천
S0011,Another One Bites the Dust,Queen,Lv.2,Disco Rock;Funk Pop,그루브/펑키,8비트;옥타브;뮤트;포켓,"포켓/그루브가 전부인 펑키 타입. 쉼표, 고스트노트, 액센트 컨트롤이 포인트. 난이도 Lv.2(초중급) — 핵심: 8비트, 옥타브, 뮤트. ‘쉼표’가 그루브를 만든다는 걸 체감하기 좋은 곡. 뮤트로 음 길이 통제. 옥타브 점프에서 왼손 뮤트(안 쓰는 줄)를 확실히 잡아 노이즈를 줄이기.",추천
S0012,Feel Good Inc.,Gorillaz,Lv.2,Hip-hop;Electronic,그루브/펑키,리프반복;타이트한8비트;뮤트;포지션이동;싱코페이션,"포켓/그루브가 전부인 펑키 타입. 쉼표, 고스트노트, 액센트 컨트롤이 포인트. 난이도 Lv.2(초중급) — 핵심: 리프반복, 타이트한8비트, 뮤트. 리프는 단순하지만 타이밍이 전부. 루프가 흔들리면 곡이 무너짐. 킥 드럼과 타이트하게 붙이면서 음 길이(특히 쉼표)를 정확히 통제.",추천
S0013,위잉위잉,혁오,Lv.2,Korea;Indie Rock,그루브/펑키,리프반복;타이트한8비트;뮤트;포지션이동;싱코페이션,"포켓/그루브가 전부인 펑키 타입. 쉼표, 고스트노트, 액센트 컨트롤이 포인트. 난이도 Lv.2(초중급) — 핵심: 리프반복, 타이트한8비트, 뮤트. 리듬이 말리는 느낌이 매력. 박을 너무 앞당기지 말고 여유 있게. 킥 드럼과 타이트하게 붙이면서 음 길이(특히 쉼표)를 정확히 통제.",추천
S0014,Reptilia,The Strokes,Lv.2,Indie Rock;Rock,신나는/질주,빠른템포;지구력;타이트한8비트;뮤트,"달리는 에너지의 곡. 일정한 어택과 지구력(오른손/왼손)이 실력의 대부분. 난이도 Lv.2(초중급) — 핵심: 빠른템포, 지구력, 타이트한8비트. 빠른 템포에서 ‘무너지지 않는’ 오른손 교대가 중요. 뮤트도 함께. 힘 빼고(특히 오른손), 동일 패턴을 2~3분 유지하는 체력/안정성 훈련.",추천
S0015,외톨이야 (I'm a Loner),CNBLUE,Lv.2,Korea;Pop Rock,신나는/질주,빠른템포;지구력;타이트한8비트;뮤트,"달리는 에너지의 곡. 일정한 어택과 지구력(오른손/왼손)이 실력의 대부분. 난이도 Lv.2(초중급) — 핵심: 빠른템포, 지구력, 타이트한8비트. 기타가 바쁜 곡. 베이스는 ‘드럼과’ 달려야 함. 템포 유지 훈련. 힘 빼고(특히 오른손), 동일 패턴을 2~3분 유지하는 체력/안정성 훈련.",추천
S0016,Congratulations,DAY6,Lv.2,Korea;Pop Rock,신나는/질주,리프반복;타이트한8비트;뮤트;포지션이동,"달리는 에너지의 곡. 일정한 어택과 지구력(오른손/왼손)이 실력의 대부분. 난이도 Lv.2(초중급) — 핵심: 리프반복, 타이트한8비트, 뮤트. 스트로크가 강한 밴드 사운드. 베이스는 안정적으로 루트를 밀어주는 게 포인트. 킥 드럼과 타이트하게 붙이면서 음 길이(특히 쉼표)를 정확히 통제.",추천
S0017,낭만고양이,체리필터,Lv.2,Korea;Pop Rock,신나는/질주,빠른템포;지구력;타이트한8비트;뮤트,"달리는 에너지의 곡. 일정한 어택과 지구력(오른손/왼손)이 실력의 대부분. 난이도 Lv.2(초중급) — 핵심: 빠른템포, 지구력, 타이트한8비트. 단순하지만 템포가 빠르면 급상승. 오른손 고정 + 힘 빼기. 힘 빼고(특히 오른손), 동일 패턴을 2~3분 유지하는 체력/안정성 훈련.",추천
S0018,말 달리자,크라잉넛,Lv.2,Korea;Punk Rock,신나는/질주,빠른템포;지구력;다운피킹/피킹;타이트한8비트,"달리는 에너지의 곡. 일정한 어택과 지구력(오른손/왼손)이 실력의 대부분. 난이도 Lv.2(초중급) — 핵심: 빠른템포, 지구력, 다운피킹/피킹. 펑크 기본기: 빠른 8비트를 끝까지 유지. 다운피킹/핑거 어느 쪽이든 체력. 힘 빼고(특히 오른손), 동일 패턴을 2~3분 유지하는 체력/안정성 훈련.",추천
S0019,나는 나비,YB,Lv.2,Korea;Rock,신나는/질주,리프반복;타이트한8비트;뮤트;포지션이동,"달리는 에너지의 곡. 일정한 어택과 지구력(오른손/왼손)이 실력의 대부분. 난이도 Lv.2(초중급) — 핵심: 리프반복, 타이트한8비트, 뮤트. 합주곡으로 자주 선택. 후렴에서 베이스가 ‘밀어주는 힘’을 만드는 게 포인트. 킥 드럼과 타이트하게 붙이면서 음 길이(특히 쉼표)를 정확히 통제.",추천
S0020,Psycho Killer,Talking Heads,Lv.2,New Wave;Rock,신나는/질주,리프반복;타이트한8비트;뮤트;포지션이동,"달리는 에너지의 곡. 일정한 어택과 지구력(오른손/왼손)이 실력의 대부분. 난이도 Lv.2(초중급) — 핵심: 리프반복, 타이트한8비트, 뮤트. 타이트한 8비트 + 반복 리프. 어택을 너무 세게 치지 말고 일정하게. 킥 드럼과 타이트하게 붙이면서 음 길이(특히 쉼표)를 정확히 통제.",추천
S0021,Under Pressure,Queen & David Bowie,Lv.2,Pop Rock;Rock,신나는/질주,리프반복;타이트한8비트;뮤트;포지션이동;해머온/풀오프,"달리는 에너지의 곡. 일정한 어택과 지구력(오른손/왼손)이 실력의 대부분. 난이도 Lv.2(초중급) — 핵심: 리프반복, 타이트한8비트, 뮤트. 유명 리프지만 정확한 박/쉼표가 관건. 해머온을 너무 크게 치지 않기. 킥 드럼과 타이트하게 붙이면서 음 길이(특히 쉼표)를 정확히 통제.",추천
S0022,Santeria,Sublime,Lv.2,Reggae Rock;Reggae,여유/레게,오프비트;롱톤;포켓;뮤트,"뒤로 눕는(laid-back) 레게 포켓. 빈 공간을 살리고 1박의 무게를 유지하는 게 포인트. 난이도 Lv.2(초중급) — 핵심: 오프비트, 롱톤, 포켓. 레게 락 포켓을 쉽게 익힐 수 있음. 루트 중심이라 ‘톤’에 집중하기 좋음. 킥 드럼과 타이트하게 붙이면서 음 길이(특히 쉼표)를 정확히 통제.",추천
S0023,Come As You Are,Nirvana,Lv.2,Alt Rock;Rock,잔잔한/감성,리프반복;타이트한8비트;뮤트;포지션이동,"잔잔하고 서정적인 분위기. 베이스가 ‘톤/음 길이’로 곡의 감정을 받쳐줘야 함. 난이도 Lv.2(초중급) — 핵심: 리프반복, 타이트한8비트, 뮤트. 코러스/버스 톤 차이를 베이스 다이내믹으로 표현해보면 합주가 살아남. 킥 드럼과 타이트하게 붙이면서 음 길이(특히 쉼표)를 정확히 통제.",추천
S0024,난춘 (NAN CHUN),새소년,Lv.2,Korea;Indie Rock,잔잔한/감성,리프반복;타이트한8비트;뮤트;포지션이동,"잔잔하고 서정적인 분위기. 베이스가 ‘톤/음 길이’로 곡의 감정을 받쳐줘야 함. 난이도 Lv.2(초중급) — 핵심: 리프반복, 타이트한8비트, 뮤트. 톤과 다이내믹이 분위기 절반. 노이즈 정리(뮤트)까지 신경 쓰면 완성도 상승. 킥 드럼과 타이트하게 붙이면서 음 길이(특히 쉼표)를 정확히 통제.",추천
S0025,Zombie,DAY6,Lv.2,Korea;Pop Rock,잔잔한/감성,리프반복;타이트한8비트;뮤트;포지션이동;다이내믹,"잔잔하고 서정적인 분위기. 베이스가 ‘톤/음 길이’로 곡의 감정을 받쳐줘야 함. 난이도 Lv.2(초중급) — 핵심: 리프반복, 타이트한8비트, 뮤트. 곡이 커질수록 베이스도 ‘커지되’ 박은 더 정확해져야 함. 킥 드럼과 타이트하게 붙이면서 음 길이(특히 쉼표)를 정확히 통제.",추천
S0026,예뻤어,DAY6,Lv.2,Korea;Pop Rock,잔잔한/감성,리프반복;타이트한8비트;뮤트;포지션이동,"잔잔하고 서정적인 분위기. 베이스가 ‘톤/음 길이’로 곡의 감정을 받쳐줘야 함. 난이도 Lv.2(초중급) — 핵심: 리프반복, 타이트한8비트, 뮤트. 입문 합주곡으로 자주 등장. 드럼과 ‘같이 호흡’하는 8비트가 핵심. 킥 드럼과 타이트하게 붙이면서 음 길이(특히 쉼표)를 정확히 통제.",추천
S0027,사랑앓이,FTISLAND,Lv.2,Korea;Pop Rock,잔잔한/감성,리프반복;타이트한8비트;뮤트;포지션이동,"잔잔하고 서정적인 분위기. 베이스가 ‘톤/음 길이’로 곡의 감정을 받쳐줘야 함. 난이도 Lv.2(초중급) — 핵심: 리프반복, 타이트한8비트, 뮤트. 발라드/록 사이. 롱톤과 프레이즈 끝 음 길이 정리가 중요. 킥 드럼과 타이트하게 붙이면서 음 길이(특히 쉼표)를 정확히 통제.",추천
S0028,가시,버즈,Lv.2,Korea;Rock,잔잔한/감성,리프반복;타이트한8비트;뮤트;포지션이동,"잔잔하고 서정적인 분위기. 베이스가 ‘톤/음 길이’로 곡의 감정을 받쳐줘야 함. 난이도 Lv.2(초중급) — 핵심: 리프반복, 타이트한8비트, 뮤트. 발라드 록의 기본: 코드 진행에서 베이스가 흔들리지 않게, 톤·음길이 균일하게. 킥 드럼과 타이트하게 붙이면서 음 길이(특히 쉼표)를 정확히 통제.",추천
S0029,Roxanne,The Police,Lv.2,New Wave;Rock,잔잔한/감성,리프반복;타이트한8비트;뮤트;포지션이동;싱코페이션,"잔잔하고 서정적인 분위기. 베이스가 ‘톤/음 길이’로 곡의 감정을 받쳐줘야 함. 난이도 Lv.2(초중급) — 핵심: 리프반복, 타이트한8비트, 뮤트. 레게/록 사이 포켓을 배우기 좋음. 1박 무게와 쉼표 정리. 킥 드럼과 타이트하게 붙이면서 음 길이(특히 쉼표)를 정확히 통제.",추천
S0030,옥탑방 (Rooftop),N.Flying,Lv.2,Korea;Pop Rock,흥겨운/댄서블,리프반복;타이트한8비트;뮤트;포지션이동;싱코페이션,"리듬이 앞으로 끌고 가는 댄서블한 곡. 킥과 포켓을 타이트하게 맞추는 게 핵심. 난이도 Lv.2(초중급) — 핵심: 리프반복, 타이트한8비트, 뮤트. 멜로디가 강한 곡이라 베이스가 흔들리면 바로 티. 포켓 먼저 잡기. 킥 드럼과 타이트하게 붙이면서 음 길이(특히 쉼표)를 정확히 통제.",추천
S0031,"Ready, Get Set, Go!",페퍼톤스,Lv.2,Korea;Pop Rock,흥겨운/댄서블,빠른템포;지구력;타이트한8비트;뮤트,"리듬이 앞으로 끌고 가는 댄서블한 곡. 킥과 포켓을 타이트하게 맞추는 게 핵심. 난이도 Lv.2(초중급) — 핵심: 빠른템포, 지구력, 타이트한8비트. 밝은 팝록에서 템포 유지와 음정 정확도 연습에 좋음. 힘 빼고(특히 오른손), 동일 패턴을 2~3분 유지하는 체력/안정성 훈련.",추천
S0032,Tomboy,혁오,Lv.3,Korea;Indie Rock,그루브/펑키,리프반복;타이트한8비트;뮤트;포지션이동;싱코페이션,"포켓/그루브가 전부인 펑키 타입. 쉼표, 고스트노트, 액센트 컨트롤이 포인트. 난이도 Lv.3(중급) — 핵심: 리프반복, 타이트한8비트, 뮤트. 리듬이 말리는 느낌이 매력. 베이스가 앞서면 무드가 깨져서 ‘뒤로’ 눕히기. 킥 드럼과 타이트하게 붙이면서 음 길이(특히 쉼표)를 정확히 통제.",추천
S0033,Ocean of Light,넬,Lv.3,Korea;Indie Rock,몽환/신스,8비트;옥타브;16비트;포켓,"신스/공간감 위에 베이스가 넓게 깔리는 타입. 서스테인과 노트 선택이 중요. 난이도 Lv.3(중급) — 핵심: 8비트, 옥타브, 16비트. 톤과 뉘앙스가 핵심. 강약을 과하게 주지 말고 ‘일정한 흐름’ 만들기. 옥타브 점프에서 왼손 뮤트(안 쓰는 줄)를 확실히 잡아 노이즈를 줄이기.",추천
S0034,Stay,넬,Lv.3,Korea;Indie Rock,몽환/신스,8비트;옥타브;16비트;포켓,"신스/공간감 위에 베이스가 넓게 깔리는 타입. 서스테인과 노트 선택이 중요. 난이도 Lv.3(중급) — 핵심: 8비트, 옥타브, 16비트. 공간감 위에 베이스가 깔림. 노트 길이/서스테인 일정하게 유지. 옥타브 점프에서 왼손 뮤트(안 쓰는 줄)를 확실히 잡아 노이즈를 줄이기.",추천
S0035,파도,새소년,Lv.3,Korea;Indie Rock,몽환/신스,8비트;옥타브;16비트;포켓,"신스/공간감 위에 베이스가 넓게 깔리는 타입. 서스테인과 노트 선택이 중요. 난이도 Lv.3(중급) — 핵심: 8비트, 옥타브, 16비트. 서서히 몰아치는 전개. 베이스는 서스테인/톤으로 공간을 채우는 감각이 중요. 옥타브 점프에서 왼손 뮤트(안 쓰는 줄)를 확실히 잡아 노이즈를 줄이기.",추천
S0036,Tik Tak Tok,실리카겔,Lv.3,Korea;Indie Rock,몽환/신스,8비트;옥타브;16비트;포켓;싱코페이션,"신스/공간감 위에 베이스가 넓게 깔리는 타입. 서스테인과 노트 선택이 중요. 난이도 Lv.3(중급) — 핵심: 8비트, 옥타브, 16비트. 신스/록 혼합 무드. 반복 패턴을 미세한 액센트로 살리는 연습. 옥타브 점프에서 왼손 뮤트(안 쓰는 줄)를 확실히 잡아 노이즈를 줄이기.",추천
S0037,매직 카펫 라이드,자우림,Lv.3,Korea;Indie Rock,몽환/신스,8비트;옥타브;16비트;포켓,"신스/공간감 위에 베이스가 넓게 깔리는 타입. 서스테인과 노트 선택이 중요. 난이도 Lv.3(중급) — 핵심: 8비트, 옥타브, 16비트. 몽환적인 전개에 베이스가 중심축. 음 길이와 뮤트로 공간을 조절. 옥타브 점프에서 왼손 뮤트(안 쓰는 줄)를 확실히 잡아 노이즈를 줄이기.",추천
S0038,Gondry,혁오,Lv.3,Korea;Indie Rock,몽환/신스,8비트;옥타브;16비트;포켓,"신스/공간감 위에 베이스가 넓게 깔리는 타입. 서스테인과 노트 선택이 중요. 난이도 Lv.3(중급) — 핵심: 8비트, 옥타브, 16비트. 공간감과 반복 리프가 핵심. 일정한 톤/서스테인 유지가 곡의 분위기. 옥타브 점프에서 왼손 뮤트(안 쓰는 줄)를 확실히 잡아 노이즈를 줄이기.",추천
S0039,PRAY,FTISLAND,Lv.3,Korea;Rock,부수는/헤비,빠른템포;지구력;타이트한8비트;뮤트,"헤비하고 공격적인 사운드. 뮤트/저음 정리 + 다운비트 정확도가 곡을 살림. 난이도 Lv.3(중급) — 핵심: 빠른템포, 지구력, 타이트한8비트. 록에서 드라이브가 강한 곡. 저역이 뭉개지지 않게 뮤트/어택을 정리. 힘 빼고(특히 오른손), 동일 패턴을 2~3분 유지하는 체력/안정성 훈련.",추천
S0040,일탈,자우림,Lv.3,Korea;Rock,부수는/헤비,리프반복;타이트한8비트;뮤트;포지션이동;싱코페이션,"헤비하고 공격적인 사운드. 뮤트/저음 정리 + 다운비트 정확도가 곡을 살림. 난이도 Lv.3(중급) — 핵심: 리프반복, 타이트한8비트, 뮤트. 록 그루브가 살아야 함. 박자 ‘앞/뒤’ 미세 조절로 느낌 만들기. 킥 드럼과 타이트하게 붙이면서 음 길이(특히 쉼표)를 정확히 통제.",추천
S0041,Pulse,국카스텐,Lv.3,Korea;Alt Rock,서사/프로그,변박;카운팅;리프전환;포지션이동,"파트 전환이 많고 전개가 큰 곡. 폼 암기 + 카운팅 능력이 필수. 난이도 Lv.3(중급) — 핵심: 변박, 카운팅, 리프전환. 전개가 있는 곡. 파트 전환 시 베이스 패턴이 바뀌는 지점을 확실히 암기. 메트로놈으로 소절 단위(예: 7/8, 5/4)를 ‘말로 카운트’하면서 리듬을 쪼개서 연습.",추천
S0042,Stranger,국카스텐,Lv.3,Korea;Alt Rock,서사/프로그,변박;카운팅;리프전환;포지션이동,"파트 전환이 많고 전개가 큰 곡. 폼 암기 + 카운팅 능력이 필수. 난이도 Lv.3(중급) — 핵심: 변박, 카운팅, 리프전환. 리듬이 흔들리면 전체가 불안해짐. 소절 단위로 끊어 연습하면 빨리 잡힘. 메트로놈으로 소절 단위(예: 7/8, 5/4)를 ‘말로 카운트’하면서 리듬을 쪼개서 연습.",추천
S0043,흰수염고래,YB,Lv.3,Korea;Rock,서사/프로그,리프반복;타이트한8비트;뮤트;포지션이동;다이내믹,"파트 전환이 많고 전개가 큰 곡. 폼 암기 + 카운팅 능력이 필수. 난이도 Lv.3(중급) — 핵심: 리프반복, 타이트한8비트, 뮤트. 전개가 크고 감정선이 큰 곡. 섹션별 다이내믹 차이를 베이스로 표현. 킥 드럼과 타이트하게 붙이면서 음 길이(특히 쉼표)를 정확히 통제.",추천
S0044,Never Ending Story,부활,Lv.3,Korea;Rock,서사/프로그,리프반복;타이트한8비트;뮤트;포지션이동;다이내믹,"파트 전환이 많고 전개가 큰 곡. 폼 암기 + 카운팅 능력이 필수. 난이도 Lv.3(중급) — 핵심: 리프반복, 타이트한8비트, 뮤트. 서사형 록발라드. 코드 진행을 안정적으로 받치면서 빌드 구간을 만들기. 킥 드럼과 타이트하게 붙이면서 음 길이(특히 쉼표)를 정확히 통제.",추천
S0045,リライト (Rewrite),ASIAN KUNG-FU GENERATION,Lv.3,Japan;Indie Rock,신나는/질주,8비트;리프반복;뮤트;포켓,J-록 펑크 느낌의 질주곡. 라인은 단순해도 ‘뮤트/어택 균일’이 안 되면 산만해진다. 드럼 킥과 베이스가 한 몸처럼 붙어야 곡이 제대로 달린다.,추천
S0046,前前前世 (Zenzenzense),RADWIMPS,Lv.3,Japan;Pop Rock,신나는/질주,8비트;싱코페이션;포지션이동;지구력,빠르게 달리면서도 싱코가 섞여 중급자에게 딱 좋다. 코러스에서 박이 흔들리기 쉬우니 2·4 백비트를 강하게 느끼기. ‘끝까지 일정한 어택’이 핵심 연습 포인트.,추천
S0047,The Beginning,ONE OK ROCK,Lv.3,Japan;Rock,신나는/질주,8비트;리프반복;포지션이동;지구력,록 기본기(타이트한 8비트)로 끝까지 밀어붙이는 곡. 포지션 이동이 있어 왼손 안정이 중요. 난이도는 중급이지만 밴드 합주에서 ‘박이 흔들리지 않는’ 훈련에 좋다.,추천
S0048,Desert Eagle,실리카겔,Lv.3,Korea;Indie Rock,신나는/질주,빠른템포;지구력;타이트한8비트;뮤트,"달리는 에너지의 곡. 일정한 어택과 지구력(오른손/왼손)이 실력의 대부분. 난이도 Lv.3(중급) — 핵심: 빠른템포, 지구력, 타이트한8비트. 드라이브가 강하고 전개가 빠름. ‘폼’ 암기와 파트 전환 체크가 중요. 힘 빼고(특히 오른손), 동일 패턴을 2~3분 유지하는 체력/안정성 훈련.",추천
S0049,NO PAIN,실리카겔,Lv.3,Korea;Indie Rock,신나는/질주,빠른템포;지구력;타이트한8비트;뮤트,"달리는 에너지의 곡. 일정한 어택과 지구력(오른손/왼손)이 실력의 대부분. 난이도 Lv.3(중급) — 핵심: 빠른템포, 지구력, 타이트한8비트. 템포/리듬이 촘촘한 인디록. 오른손 지구력 + 뮤트로 저역 정리. 힘 빼고(특히 오른손), 동일 패턴을 2~3분 유지하는 체력/안정성 훈련.",추천
S0050,시퍼런 봄,쏜애플,Lv.3,Korea;Indie Rock,신나는/질주,빠른템포;지구력;타이트한8비트;뮤트,"달리는 에너지의 곡. 일정한 어택과 지구력(오른손/왼손)이 실력의 대부분. 난이도 Lv.3(중급) — 핵심: 빠른템포, 지구력, 타이트한8비트. 드라이브가 강한 인디록. 템포 유지 + 포지션 이동 정확도. 힘 빼고(특히 오른손), 동일 패턴을 2~3분 유지하는 체력/안정성 훈련.",추천
S0051,I Wait,DAY6,Lv.3,Korea;Pop Rock,신나는/질주,빠른템포;지구력;타이트한8비트;뮤트,"달리는 에너지의 곡. 일정한 어택과 지구력(오른손/왼손)이 실력의 대부분. 난이도 Lv.3(중급) — 핵심: 빠른템포, 지구력, 타이트한8비트. 브릿지/후렴에서 에너지 유지가 핵심. 포지션 이동 시 노이즈 뮤트까지. 힘 빼고(특히 오른손), 동일 패턴을 2~3분 유지하는 체력/안정성 훈련.",추천
S0052,I Wish,FTISLAND,Lv.3,Korea;Pop Rock,신나는/질주,빠른템포;지구력;타이트한8비트;뮤트,"달리는 에너지의 곡. 일정한 어택과 지구력(오른손/왼손)이 실력의 대부분. 난이도 Lv.3(중급) — 핵심: 빠른템포, 지구력, 타이트한8비트. 리프가 바쁜 팝록. 포지션 이동을 최소화하는 핑거링 설계가 중요. 힘 빼고(특히 오른손), 동일 패턴을 2~3분 유지하는 체력/안정성 훈련.",추천
S0053,Moonshot,N.Flying,Lv.3,Korea;Pop Rock,신나는/질주,빠른템포;지구력;타이트한8비트;뮤트;싱코페이션,"달리는 에너지의 곡. 일정한 어택과 지구력(오른손/왼손)이 실력의 대부분. 난이도 Lv.3(중급) — 핵심: 빠른템포, 지구력, 타이트한8비트. 후렴에서 드라이브가 강함. 8비트가 흔들리면 곡이 ‘늘어짐’—클릭 고정. 힘 빼고(특히 오른손), 동일 패턴을 2~3분 유지하는 체력/안정성 훈련.",추천
S0054,Red,The Rose,Lv.3,Korea;Pop Rock,신나는/질주,빠른템포;지구력;타이트한8비트;뮤트,"달리는 에너지의 곡. 일정한 어택과 지구력(오른손/왼손)이 실력의 대부분. 난이도 Lv.3(중급) — 핵심: 빠른템포, 지구력, 타이트한8비트. 템포가 빠르고 에너지가 강함. 8비트를 기계처럼 유지하는 게 핵심. 힘 빼고(특히 오른손), 동일 패턴을 2~3분 유지하는 체력/안정성 훈련.",추천
S0055,오리날다,체리필터,Lv.3,Korea;Pop Rock,신나는/질주,빠른템포;지구력;타이트한8비트;뮤트,"달리는 에너지의 곡. 일정한 어택과 지구력(오른손/왼손)이 실력의 대부분. 난이도 Lv.3(중급) — 핵심: 빠른템포, 지구력, 타이트한8비트. 빠른 템포 + 직진 8비트. 체력과 ‘끝까지 같은 어택’ 유지가 핵심. 힘 빼고(특히 오른손), 동일 패턴을 2~3분 유지하는 체력/안정성 훈련.",추천
S0056,청춘 98,노브레인,Lv.3,Korea;Punk Rock,신나는/질주,빠른템포;지구력;다운피킹/피킹;타이트한8비트,"달리는 에너지의 곡. 일정한 어택과 지구력(오른손/왼손)이 실력의 대부분. 난이도 Lv.3(중급) — 핵심: 빠른템포, 지구력, 다운피킹/피킹. 펑크 기본기 + 지구력. 템포가 밀리면 곡이 힘이 빠져서 클릭 고정. 힘 빼고(특히 오른손), 동일 패턴을 2~3분 유지하는 체력/안정성 훈련.",추천
S0057,The Real,N.Flying,Lv.3,Korea;Rock,신나는/질주,빠른템포;지구력;타이트한8비트;뮤트,"달리는 에너지의 곡. 일정한 어택과 지구력(오른손/왼손)이 실력의 대부분. 난이도 Lv.3(중급) — 핵심: 빠른템포, 지구력, 타이트한8비트. 락 사운드에서 베이스가 밑에서 밀어주는 곡. 리프 반복 구간 지구력 체크. 힘 빼고(특히 오른손), 동일 패턴을 2~3분 유지하는 체력/안정성 훈련.",추천
S0058,Rain To Be,ONEWE,Lv.3,Korea;Rock,신나는/질주,빠른템포;지구력;타이트한8비트;뮤트,"달리는 에너지의 곡. 일정한 어택과 지구력(오른손/왼손)이 실력의 대부분. 난이도 Lv.3(중급) — 핵심: 빠른템포, 지구력, 타이트한8비트. 록 드라이브가 강함. 오른손 지구력 + 포지션 이동 시 줄 노이즈 컨트롤. 힘 빼고(특히 오른손), 동일 패턴을 2~3분 유지하는 체력/안정성 훈련.",추천
S0059,나에게로 떠나는 여행,버즈,Lv.3,Korea;Rock,신나는/질주,빠른템포;지구력;타이트한8비트;뮤트,"달리는 에너지의 곡. 일정한 어택과 지구력(오른손/왼손)이 실력의 대부분. 난이도 Lv.3(중급) — 핵심: 빠른템포, 지구력, 타이트한8비트. 템포가 빨라질수록 난이도 상승. 오른손 교대와 박자 고정 연습. 힘 빼고(특히 오른손), 동일 패턴을 2~3분 유지하는 체력/안정성 훈련.",추천
S0060,Hey Hey Hey,자우림,Lv.3,Korea;Rock,신나는/질주,빠른템포;지구력;타이트한8비트;뮤트,"달리는 에너지의 곡. 일정한 어택과 지구력(오른손/왼손)이 실력의 대부분. 난이도 Lv.3(중급) — 핵심: 빠른템포, 지구력, 타이트한8비트. 리프/리듬이 강한 곡. 템포 유지가 가장 큰 난관—메트로놈 필수. 힘 빼고(특히 오른손), 동일 패턴을 2~3분 유지하는 체력/안정성 훈련.",추천
S0061,안드로메다,체리필터,Lv.3,Korea;Rock,신나는/질주,빠른템포;지구력;타이트한8비트;뮤트,"달리는 에너지의 곡. 일정한 어택과 지구력(오른손/왼손)이 실력의 대부분. 난이도 Lv.3(중급) — 핵심: 빠른템포, 지구력, 타이트한8비트. 록 드라이브가 강한 곡. 킥과 붙는 타이밍 + 줄 노이즈 뮤트 연습. 힘 빼고(특히 오른손), 동일 패턴을 2~3분 유지하는 체력/안정성 훈련.",추천
S0062,ロビンソン (Robinson),スピッツ (Spitz),Lv.3,Japan;Pop Rock,잔잔한/감성,루트;롱톤;다이내믹;톤컨트롤,잔잔하지만 밴드 사운드의 중심을 잡는 곡. 단순한 라인에서도 ‘박과 음 길이’가 흔들리면 곡이 무너진다. 메트로놈으로 롱톤을 일정하게 유지하는 연습에 최적.,추천
S0063,天体観測 (Tentaikansoku),BUMP OF CHICKEN,Lv.3,Japan;Rock,잔잔한/감성,루트+전개;포지션이동;롱톤;다이내믹,감성 록에서 베이스가 공간을 채우는 타입. 난이도는 중급이지만 음 길이/다이내믹이 중요해서 ‘감정 표현’ 훈련에 좋다. 코드 진행을 이해하며 치면 훨씬 자연스럽다.,추천
S0064,주저하는 연인들을 위해,잔나비,Lv.3,Korea;Indie Pop,잔잔한/감성,리프반복;타이트한8비트;뮤트;포지션이동,"잔잔하고 서정적인 분위기. 베이스가 ‘톤/음 길이’로 곡의 감정을 받쳐줘야 함. 난이도 Lv.3(중급) — 핵심: 리프반복, 타이트한8비트, 뮤트. 서정적인 밴드 발라드. 베이스는 과하지 않게, 코드톤을 예쁘게 연결. 킥 드럼과 타이트하게 붙이면서 음 길이(특히 쉼표)를 정확히 통제.",추천
S0065,기억을 걷는 시간,넬,Lv.3,Korea;Indie Rock,잔잔한/감성,리프반복;타이트한8비트;뮤트;포지션이동;다이내믹,"잔잔하고 서정적인 분위기. 베이스가 ‘톤/음 길이’로 곡의 감정을 받쳐줘야 함. 난이도 Lv.3(중급) — 핵심: 리프반복, 타이트한8비트, 뮤트. 잔잔하지만 빌드가 큼. 다이내믹을 ‘점진적으로’ 올리는 게 포인트. 킥 드럼과 타이트하게 붙이면서 음 길이(특히 쉼표)를 정확히 통제.",추천
S0066,긴 꿈,새소년,Lv.3,Korea;Indie Rock,잔잔한/감성,리프반복;타이트한8비트;뮤트;포지션이동,"잔잔하고 서정적인 분위기. 베이스가 ‘톤/음 길이’로 곡의 감정을 받쳐줘야 함. 난이도 Lv.3(중급) — 핵심: 리프반복, 타이트한8비트, 뮤트. 호흡이 긴 곡. 박자보다 ‘프레이즈’가 중요해서 음 길이 컨트롤 연습에 좋음. 킥 드럼과 타이트하게 붙이면서 음 길이(특히 쉼표)를 정확히 통제.",추천
S0067,백치,쏜애플,Lv.3,Korea;Indie Rock,잔잔한/감성,리프반복;타이트한8비트;뮤트;포지션이동,"잔잔하고 서정적인 분위기. 베이스가 ‘톤/음 길이’로 곡의 감정을 받쳐줘야 함. 난이도 Lv.3(중급) — 핵심: 리프반복, 타이트한8비트, 뮤트. 멜로디와 함께 호흡하는 베이스. 프레이즈 끝의 음 길이를 깔끔히 정리. 킥 드럼과 타이트하게 붙이면서 음 길이(특히 쉼표)를 정확히 통제.",추천
S0068,서울,쏜애플,Lv.3,Korea;Indie Rock,잔잔한/감성,리프반복;타이트한8비트;뮤트;포지션이동;다이내믹,"잔잔하고 서정적인 분위기. 베이스가 ‘톤/음 길이’로 곡의 감정을 받쳐줘야 함. 난이도 Lv.3(중급) — 핵심: 리프반복, 타이트한8비트, 뮤트. 감성 인디록. 베이스는 ‘정확한 저역’으로 곡의 바닥을 만드는 역할. 킥 드럼과 타이트하게 붙이면서 음 길이(특히 쉼표)를 정확히 통제.",추천
S0069,Comes and Goes,혁오,Lv.3,Korea;Indie Rock,잔잔한/감성,리프반복;타이트한8비트;뮤트;포지션이동,"잔잔하고 서정적인 분위기. 베이스가 ‘톤/음 길이’로 곡의 감정을 받쳐줘야 함. 난이도 Lv.3(중급) — 핵심: 리프반복, 타이트한8비트, 뮤트. 단정한 라인 유지가 중요. 노이즈 뮤트와 볼륨 균일로 ‘정갈함’ 만들기. 킥 드럼과 타이트하게 붙이면서 음 길이(특히 쉼표)를 정확히 통제.",추천
S0070,I'm Sorry,CNBLUE,Lv.3,Korea;Pop Rock,잔잔한/감성,리프반복;타이트한8비트;뮤트;포지션이동;다이내믹,"잔잔하고 서정적인 분위기. 베이스가 ‘톤/음 길이’로 곡의 감정을 받쳐줘야 함. 난이도 Lv.3(중급) — 핵심: 리프반복, 타이트한8비트, 뮤트. 벌스/코러스의 ‘볼륨 곡선’을 베이스로 만들기. 낮은 음역 톤 정리. 킥 드럼과 타이트하게 붙이면서 음 길이(특히 쉼표)를 정확히 통제.",추천
S0071,Love,CNBLUE,Lv.3,Korea;Pop Rock,잔잔한/감성,리프반복;타이트한8비트;뮤트;포지션이동,"잔잔하고 서정적인 분위기. 베이스가 ‘톤/음 길이’로 곡의 감정을 받쳐줘야 함. 난이도 Lv.3(중급) — 핵심: 리프반복, 타이트한8비트, 뮤트. 베이스가 코드를 안정적으로 받쳐주는 스타일. 음정/롱톤이 깨끗하면 합주가 정돈됨. 킥 드럼과 타이트하게 붙이면서 음 길이(특히 쉼표)를 정확히 통제.",추천
S0072,바래,FTISLAND,Lv.3,Korea;Pop Rock,잔잔한/감성,리프반복;타이트한8비트;뮤트;포지션이동,"잔잔하고 서정적인 분위기. 베이스가 ‘톤/음 길이’로 곡의 감정을 받쳐줘야 함. 난이도 Lv.3(중급) — 핵심: 리프반복, 타이트한8비트, 뮤트. 록발라드의 기본기. 후렴에서 음 길이/다이내믹을 크게 가져가되 박은 더 정확히. 킥 드럼과 타이트하게 붙이면서 음 길이(특히 쉼표)를 정확히 통제.",추천
S0073,지독하게 (Severely),FTISLAND,Lv.3,Korea;Pop Rock,잔잔한/감성,리프반복;타이트한8비트;뮤트;포지션이동,"잔잔하고 서정적인 분위기. 베이스가 ‘톤/음 길이’로 곡의 감정을 받쳐줘야 함. 난이도 Lv.3(중급) — 핵심: 리프반복, 타이트한8비트, 뮤트. 감정선이 강한 곡. 베이스는 과하지 않게, ‘노이즈 없는 롱톤’이 포인트. 킥 드럼과 타이트하게 붙이면서 음 길이(특히 쉼표)를 정확히 통제.",추천
S0074,굿밤 (Good Bam),N.Flying,Lv.3,Korea;Pop Rock,잔잔한/감성,리프반복;타이트한8비트;뮤트;포지션이동,"잔잔하고 서정적인 분위기. 베이스가 ‘톤/음 길이’로 곡의 감정을 받쳐줘야 함. 난이도 Lv.3(중급) — 핵심: 리프반복, 타이트한8비트, 뮤트. 감성 팝록. 베이스가 ‘너무 튀지 않게’ 멜로디를 받쳐주는 연습. 킥 드럼과 타이트하게 붙이면서 음 길이(특히 쉼표)를 정확히 통제.",추천
S0075,Parting,ONEWE,Lv.3,Korea;Pop Rock,잔잔한/감성,리프반복;타이트한8비트;뮤트;포지션이동,"잔잔하고 서정적인 분위기. 베이스가 ‘톤/음 길이’로 곡의 감정을 받쳐줘야 함. 난이도 Lv.3(중급) — 핵심: 리프반복, 타이트한8비트, 뮤트. 코드 진행이 예쁜 곡. 코드톤 중심으로 안정감 있게, 불필요한 장식은 줄이기. 킥 드럼과 타이트하게 붙이면서 음 길이(특히 쉼표)를 정확히 통제.",추천
S0076,Regulus,ONEWE,Lv.3,Korea;Pop Rock,잔잔한/감성,리프반복;타이트한8비트;뮤트;포지션이동;다이내믹,"잔잔하고 서정적인 분위기. 베이스가 ‘톤/음 길이’로 곡의 감정을 받쳐줘야 함. 난이도 Lv.3(중급) — 핵심: 리프반복, 타이트한8비트, 뮤트. 서정적인 전개. 베이스가 ‘서사’를 만든다는 느낌으로 음 길이를 설계. 킥 드럼과 타이트하게 붙이면서 음 길이(특히 쉼표)를 정확히 통제.",추천
S0077,She's in the Rain,The Rose,Lv.3,Korea;Pop Rock,잔잔한/감성,리프반복;타이트한8비트;뮤트;포지션이동;다이내믹,"잔잔하고 서정적인 분위기. 베이스가 ‘톤/음 길이’로 곡의 감정을 받쳐줘야 함. 난이도 Lv.3(중급) — 핵심: 리프반복, 타이트한8비트, 뮤트. 긴 호흡의 감성곡. 박을 너무 앞당기지 말고 ‘뒤로 기대는’ 포켓을 유지. 킥 드럼과 타이트하게 붙이면서 음 길이(특히 쉼표)를 정확히 통제.",추천
S0078,Sorry,The Rose,Lv.3,Korea;Pop Rock,잔잔한/감성,리프반복;타이트한8비트;뮤트;포지션이동,"잔잔하고 서정적인 분위기. 베이스가 ‘톤/음 길이’로 곡의 감정을 받쳐줘야 함. 난이도 Lv.3(중급) — 핵심: 리프반복, 타이트한8비트, 뮤트. 벌스는 절제, 코러스는 확장. 베이스 볼륨/톤으로 구간 대비를 만드는 연습. 킥 드럼과 타이트하게 붙이면서 음 길이(특히 쉼표)를 정확히 통제.",추천
S0079,박하사탕,YB,Lv.3,Korea;Rock,잔잔한/감성,리프반복;타이트한8비트;뮤트;포지션이동,"잔잔하고 서정적인 분위기. 베이스가 ‘톤/음 길이’로 곡의 감정을 받쳐줘야 함. 난이도 Lv.3(중급) — 핵심: 리프반복, 타이트한8비트, 뮤트. 서정 록. 베이스는 ‘호흡’이 중요—프레이즈 끝 음 길이를 예쁘게 정리. 킥 드럼과 타이트하게 붙이면서 음 길이(특히 쉼표)를 정확히 통제.",추천
S0080,겁쟁이,버즈,Lv.3,Korea;Rock,잔잔한/감성,리프반복;타이트한8비트;뮤트;포지션이동,"잔잔하고 서정적인 분위기. 베이스가 ‘톤/음 길이’로 곡의 감정을 받쳐줘야 함. 난이도 Lv.3(중급) — 핵심: 리프반복, 타이트한8비트, 뮤트. 감성 록에서 베이스가 튀면 보컬이 묻힘. 단정한 톤/타이밍 유지. 킥 드럼과 타이트하게 붙이면서 음 길이(특히 쉼표)를 정확히 통제.",추천
S0081,"스물다섯, 스물하나",자우림,Lv.3,Korea;Rock,잔잔한/감성,리프반복;타이트한8비트;뮤트;포지션이동,"잔잔하고 서정적인 분위기. 베이스가 ‘톤/음 길이’로 곡의 감정을 받쳐줘야 함. 난이도 Lv.3(중급) — 핵심: 리프반복, 타이트한8비트, 뮤트. 감성 록에서 베이스가 너무 튀면 감정선이 깨짐. 단정한 톤/타이밍. 킥 드럼과 타이트하게 붙이면서 음 길이(특히 쉼표)를 정확히 통제.",추천
S0082,뜨거운 여름밤은 가고 남은 건 볼품없지만,잔나비,Lv.3,Korea;Indie Pop,흥겨운/댄서블,리프반복;타이트한8비트;뮤트;포지션이동,"리듬이 앞으로 끌고 가는 댄서블한 곡. 킥과 포켓을 타이트하게 맞추는 게 핵심. 난이도 Lv.3(중급) — 핵심: 리프반복, 타이트한8비트, 뮤트. 스윙감 있는 팝. 박을 너무 딱딱하게 치지 말고 ‘살짝 흔들어’ 리듬을 만들기. 킥 드럼과 타이트하게 붙이면서 음 길이(특히 쉼표)를 정확히 통제.",추천
S0083,Can't Stop,CNBLUE,Lv.3,Korea;Pop Rock,흥겨운/댄서블,빠른템포;지구력;타이트한8비트;뮤트,"리듬이 앞으로 끌고 가는 댄서블한 곡. 킥과 포켓을 타이트하게 맞추는 게 핵심. 난이도 Lv.3(중급) — 핵심: 빠른템포, 지구력, 타이트한8비트. 기타 스트로크가 시원한 곡. 베이스는 드럼 킥과 1:1로 붙여 추진력 만들기. 힘 빼고(특히 오른손), 동일 패턴을 2~3분 유지하는 체력/안정성 훈련.",추천
S0084,Cinderella,CNBLUE,Lv.3,Korea;Pop Rock,흥겨운/댄서블,빠른템포;지구력;타이트한8비트;뮤트,"리듬이 앞으로 끌고 가는 댄서블한 곡. 킥과 포켓을 타이트하게 맞추는 게 핵심. 난이도 Lv.3(중급) — 핵심: 빠른템포, 지구력, 타이트한8비트. 밝은 팝록. 템포가 빨라지기 쉬우니 클릭에 고정 + 힘 빼기. 힘 빼고(특히 오른손), 동일 패턴을 2~3분 유지하는 체력/안정성 훈련.",추천
S0085,한 페이지가 될 수 있게,DAY6,Lv.3,Korea;Pop Rock,흥겨운/댄서블,빠른템포;지구력;타이트한8비트;뮤트,"리듬이 앞으로 끌고 가는 댄서블한 곡. 킥과 포켓을 타이트하게 맞추는 게 핵심. 난이도 Lv.3(중급) — 핵심: 빠른템포, 지구력, 타이트한8비트. 후렴에서 템포가 흔들리기 쉬움. 오른손을 ‘고정’하고 드럼 킥과 달리기. 힘 빼고(특히 오른손), 동일 패턴을 2~3분 유지하는 체력/안정성 훈련.",추천
S0086,Hot Potato,N.Flying,Lv.3,Korea;Pop Rock,흥겨운/댄서블,빠른템포;지구력;타이트한8비트;뮤트,"리듬이 앞으로 끌고 가는 댄서블한 곡. 킥과 포켓을 타이트하게 맞추는 게 핵심. 난이도 Lv.3(중급) — 핵심: 빠른템포, 지구력, 타이트한8비트. 빠른 팝록에서 안정감이 중요. 뮤트로 저역을 정리하면 더 프로처럼 들림. 힘 빼고(특히 오른손), 동일 패턴을 2~3분 유지하는 체력/안정성 훈련.",추천
S0087,End of Spring,ONEWE,Lv.3,Korea;Pop Rock,흥겨운/댄서블,빠른템포;지구력;타이트한8비트;뮤트,"리듬이 앞으로 끌고 가는 댄서블한 곡. 킥과 포켓을 타이트하게 맞추는 게 핵심. 난이도 Lv.3(중급) — 핵심: 빠른템포, 지구력, 타이트한8비트. 밝은 밴드곡. 합주에서 베이스가 ‘정확하게’ 받쳐주면 전체가 탄탄해짐. 힘 빼고(특히 오른손), 동일 패턴을 2~3분 유지하는 체력/안정성 훈련.",추천
S0088,Baby,The Rose,Lv.3,Korea;Pop Rock,흥겨운/댄서블,리프반복;타이트한8비트;뮤트;포지션이동;싱코페이션,"리듬이 앞으로 끌고 가는 댄서블한 곡. 킥과 포켓을 타이트하게 맞추는 게 핵심. 난이도 Lv.3(중급) — 핵심: 리프반복, 타이트한8비트, 뮤트. 그루브가 있는 팝록. 드럼 스네어 뒤 공간을 베이스로 깔끔히 채우기. 킥 드럼과 타이트하게 붙이면서 음 길이(특히 쉼표)를 정확히 통제.",추천
S0089,Colorful Express,페퍼톤스,Lv.3,Korea;Pop Rock,흥겨운/댄서블,빠른템포;지구력;타이트한8비트;뮤트,"리듬이 앞으로 끌고 가는 댄서블한 곡. 킥과 포켓을 타이트하게 맞추는 게 핵심. 난이도 Lv.3(중급) — 핵심: 빠른템포, 지구력, 타이트한8비트. 리듬이 달리는 곡. 오른손 고정 + 포지션 이동 최소화로 안정감 만들기. 힘 빼고(특히 오른손), 동일 패턴을 2~3분 유지하는 체력/안정성 훈련.",추천
S0090,New Hippie Generation,페퍼톤스,Lv.3,Korea;Pop Rock,흥겨운/댄서블,빠른템포;지구력;타이트한8비트;뮤트,"리듬이 앞으로 끌고 가는 댄서블한 곡. 킥과 포켓을 타이트하게 맞추는 게 핵심. 난이도 Lv.3(중급) — 핵심: 빠른템포, 지구력, 타이트한8비트. 합주에서 베이스가 탄탄하면 전체가 ‘밝게’ 들림. 음정/타이밍 집중. 힘 빼고(특히 오른손), 동일 패턴을 2~3분 유지하는 체력/안정성 훈련.",추천
S0091,SUPERFANTASTIC,페퍼톤스,Lv.3,Korea;Pop Rock,흥겨운/댄서블,빠른템포;지구력;타이트한8비트;뮤트,"리듬이 앞으로 끌고 가는 댄서블한 곡. 킥과 포켓을 타이트하게 맞추는 게 핵심. 난이도 Lv.3(중급) — 핵심: 빠른템포, 지구력, 타이트한8비트. 밝은 팝록에서 템포 유지/지구력 훈련. 코러스에서 급해지지 않게. 힘 빼고(특히 오른손), 동일 패턴을 2~3분 유지하는 체력/안정성 훈련.",추천
S0092,밤이 깊었네,크라잉넛,Lv.3,Korea;Rock,흥겨운/댄서블,리프반복;타이트한8비트;뮤트;포지션이동,"리듬이 앞으로 끌고 가는 댄서블한 곡. 킥과 포켓을 타이트하게 맞추는 게 핵심. 난이도 Lv.3(중급) — 핵심: 리프반복, 타이트한8비트, 뮤트. 라이브에서 신나는 합주곡. 리프 반복에서 그루브 유지가 핵심. 킥 드럼과 타이트하게 붙이면서 음 길이(특히 쉼표)를 정확히 통제.",추천
S0093,Panic Station,Muse,Lv.4,Funk Rock;Rock,그루브/펑키,16비트;싱코페이션;고스트노트;포켓,"포켓/그루브가 전부인 펑키 타입. 쉼표, 고스트노트, 액센트 컨트롤이 포인트. 난이도 Lv.4(상급) — 핵심: 16비트, 싱코페이션, 고스트노트. 펑크/록 혼합 리프. 16비트 느낌과 액센트가 정확해야 ‘댄서블’하게 들림. 왼손 릴리즈(뮤트)와 오른손 액센트 대비로 ‘쉼표가 들리게’ 만들기.",추천
S0094,Aeroplane,Red Hot Chili Peppers,Lv.4,Funk Rock;Rock,그루브/펑키,슬랩;팝핑;고스트노트;16비트;그루브,"포켓/그루브가 전부인 펑키 타입. 쉼표, 고스트노트, 액센트 컨트롤이 포인트. 난이도 Lv.4(상급) — 핵심: 슬랩, 팝핑, 고스트노트. 슬랩+그루브 대표곡. 고스트노트로 ‘리듬’만 만들고, 음은 또렷하게 분리. 썸/팝 볼륨을 균일하게 맞추고, 고스트노트를 ‘작게’ 넣어 그루브를 정리.",추천
S0095,Give It Away,Red Hot Chili Peppers,Lv.4,Funk Rock;Rock,그루브/펑키,16비트;싱코페이션;고스트노트;포켓,"포켓/그루브가 전부인 펑키 타입. 쉼표, 고스트노트, 액센트 컨트롤이 포인트. 난이도 Lv.4(상급) — 핵심: 16비트, 싱코페이션, 고스트노트. 펑크 리듬의 기본. 액센트 위치를 정확히 잡고, 쉼표를 칼같이 끊기. 왼손 릴리즈(뮤트)와 오른손 액센트 대비로 ‘쉼표가 들리게’ 만들기.",추천
S0096,1612,Vulfpeck,Lv.4,Funk;Funk Pop,그루브/펑키,16비트;싱코페이션;고스트노트;포켓,"포켓/그루브가 전부인 펑키 타입. 쉼표, 고스트노트, 액센트 컨트롤이 포인트. 난이도 Lv.4(상급) — 핵심: 16비트, 싱코페이션, 고스트노트. 싱코페이션이 맛. 쉼표를 정확히 끊고, 액센트 위치를 분명히. 왼손 릴리즈(뮤트)와 오른손 액센트 대비로 ‘쉼표가 들리게’ 만들기.",추천
S0097,Dean Town,Vulfpeck,Lv.4,Funk;Funk Pop,그루브/펑키,16비트;싱코페이션;고스트노트;포켓;고속16비트,"포켓/그루브가 전부인 펑키 타입. 쉼표, 고스트노트, 액센트 컨트롤이 포인트. 난이도 Lv.4(상급) — 핵심: 16비트, 싱코페이션, 고스트노트. 고속 펑크 그루브. 메트로놈에 고정하고 고스트노트 볼륨을 일정하게. 왼손 릴리즈(뮤트)와 오른손 액센트 대비로 ‘쉼표가 들리게’ 만들기.",추천
S0098,Cissy Strut,The Meters,Lv.4,Funk;Funk Rock,그루브/펑키,16비트;싱코페이션;고스트노트;포켓,"포켓/그루브가 전부인 펑키 타입. 쉼표, 고스트노트, 액센트 컨트롤이 포인트. 난이도 Lv.4(상급) — 핵심: 16비트, 싱코페이션, 고스트노트. 심플하지만 포켓이 전부. ‘뒤로’ 눕는 타이밍과 쉼표 정리 연습. 왼손 릴리즈(뮤트)와 오른손 액센트 대비로 ‘쉼표가 들리게’ 만들기.",추천
S0099,Virtual Insanity,Jamiroquai,Lv.4,Funk;Neo-soul,그루브/펑키,16비트;싱코페이션;고스트노트;포켓,"포켓/그루브가 전부인 펑키 타입. 쉼표, 고스트노트, 액센트 컨트롤이 포인트. 난이도 Lv.4(상급) — 핵심: 16비트, 싱코페이션, 고스트노트. 네오소울/펑크 그루브의 정석. 고스트노트와 액센트로 ‘흔들림’을 만들기. 왼손 릴리즈(뮤트)와 오른손 액센트 대비로 ‘쉼표가 들리게’ 만들기.",추천
S0100,Forget Me Nots,Patrice Rushen,Lv.4,Funk;R&B,그루브/펑키,16비트;싱코페이션;고스트노트;포켓,"포켓/그루브가 전부인 펑키 타입. 쉼표, 고스트노트, 액센트 컨트롤이 포인트. 난이도 Lv.4(상급) — 핵심: 16비트, 싱코페이션, 고스트노트. 댄서블한 펑크/소울 라인. 싱코페이션의 ‘쉼표’가 더 중요—끊어치기 정확히. 왼손 릴리즈(뮤트)와 오른손 액센트 대비로 ‘쉼표가 들리게’ 만들기.",추천
S0101,Higher Ground,Stevie Wonder,Lv.4,Funk;Soul,그루브/펑키,16비트;싱코페이션;고스트노트;포켓,"포켓/그루브가 전부인 펑키 타입. 쉼표, 고스트노트, 액센트 컨트롤이 포인트. 난이도 Lv.4(상급) — 핵심: 16비트, 싱코페이션, 고스트노트. 반복 리프의 미세한 타이밍이 난이도. 드럼과 완전 유니즌으로 붙이기. 왼손 릴리즈(뮤트)와 오른손 액센트 대비로 ‘쉼표가 들리게’ 만들기.",추천
S0102,I Wish,Stevie Wonder,Lv.4,Funk;Soul,그루브/펑키,싱코페이션;라인메모리;고스트노트;포켓,"포켓/그루브가 전부인 펑키 타입. 쉼표, 고스트노트, 액센트 컨트롤이 포인트. 난이도 Lv.4(상급) — 핵심: 싱코페이션, 라인메모리, 고스트노트. 빠른 모타운 펑크. 줄 이동과 고스트노트 정리가 관건—손 힘 빼기. 왼손 릴리즈(뮤트)와 오른손 액센트 대비로 ‘쉼표가 들리게’ 만들기.",추천
S0103,SPECIALZ,King Gnu,Lv.4,Japan;Indie Pop,그루브/펑키,싱코페이션;16비트;고스트노트;포켓;톤컨트롤,"신스/드럼 그루브 위에서 베이스가 훅을 만든다. 고스트노트로 리듬을 채우되, 메인 노트는 굵게. 톤을 너무 과하게 왜곡하지 말고 ‘선명한 저역’에 집중하면 좋다.",추천
S0104,Chameleon,Herbie Hancock,Lv.4,Jazz-Funk;Fusion,그루브/펑키,16비트;싱코페이션;고스트노트;포켓,"포켓/그루브가 전부인 펑키 타입. 쉼표, 고스트노트, 액센트 컨트롤이 포인트. 난이도 Lv.4(상급) — 핵심: 16비트, 싱코페이션, 고스트노트. 펑키한 반복 리프. 그루브가 무너지면 의미가 없음—고스트노트 균일하게. 왼손 릴리즈(뮤트)와 오른손 액센트 대비로 ‘쉼표가 들리게’ 만들기.",추천
S0105,있지 (It is),자우림,Lv.4,Korea;Alt Rock,그루브/펑키,옥타브;싱코페이션;뮤트;포지션이동;다이내믹,"록 기반인데 베이스가 꽤 펑키하게 움직인다. 옥타브/싱코페이션을 정확히 맞추면 훨씬 ‘댄서블’해짐. 톤은 너무 과하지 않게, 어택만 또렷하게.",추천
S0106,E-mail,내귀에도청장치,Lv.4,Korea;Experimental,그루브/펑키,16비트;싱코페이션;고스트노트;뮤트;포켓,그루브가 계속 살아야 하는 곡. 고스트노트/뮤트 비율이 포인트라 손이 커도 ‘가볍게’ 쳐야 함. 드럼 하이햇과의 16비트 정렬을 우선 맞추자.,추천
S0107,MIRROR,백예린,Lv.4,Korea;Neo-soul,그루브/펑키,16비트;고스트노트;싱코페이션;포켓;다이내믹,"네오소울/알앤비 감성의 그루브 곡. 노트보다 ‘뉘앙스(세게/약하게, 길게/짧게)’가 난이도. 고스트노트가 너무 크면 촌스러워지니 컨트롤 연습에 좋다.",추천
S0108,Come Together,The Beatles,Lv.4,Rock;Pop Rock,그루브/펑키,리프반복;타이트한8비트;뮤트;포지션이동;싱코페이션,"포켓/그루브가 전부인 펑키 타입. 쉼표, 고스트노트, 액센트 컨트롤이 포인트. 난이도 Lv.4(상급) — 핵심: 리프반복, 타이트한8비트, 뮤트. 느리지만 더 어려운 타입. 싱코페이션과 음 길이를 정확히 잡으면 바로 ‘맛’이 남. 킥 드럼과 타이트하게 붙이면서 음 길이(특히 쉼표)를 정확히 통제.",추천
S0109,Take the Power Back,Rage Against the Machine,Lv.4,Alt Rock;Funk Rock,부수는/헤비,빠른템포;지구력;타이트한8비트;뮤트;싱코페이션,"헤비하고 공격적인 사운드. 뮤트/저음 정리 + 다운비트 정확도가 곡을 살림. 난이도 Lv.4(상급) — 핵심: 빠른템포, 지구력, 타이트한8비트. 록+펑크의 공격적인 그루브. 리프의 악센트 위치를 정확히 잡아야 ‘타격감’이 생김. 힘 빼고(특히 오른손), 동일 패턴을 2~3분 유지하는 체력/안정성 훈련.",추천
S0110,ROSIER,LUNA SEA,Lv.4,Japan;Hard Rock,부수는/헤비,리프반복;포지션이동;강한어택;지구력;뮤트,헤비한 록 그루브를 타이트하게 유지하는 연습곡. 반복 리프에서 어택이 흔들리기 쉬우니 ‘손 모양 고정’이 중요. 스트링 노이즈를 뮤트로 정리하면 훨씬 프로처럼 들림.,추천
S0111,Karate,BABYMETAL,Lv.4,Japan;Metal,부수는/헤비,피킹;더블타임;리프전환;뮤트;지구력,메탈 리프 기반이라 피킹/뮤트 기본기를 점검하기 좋다. 리프 전환이 빠르니 ‘왼손 이동 타이밍’을 미리 잡아야 매끈해짐. 드럼 더블킥 구간에서 포켓 유지가 핵심.,추천
S0112,Run to the Hills,Iron Maiden,Lv.4,Metal;Hard Rock,부수는/헤비,갤로핑;피킹;지구력;16비트,"헤비하고 공격적인 사운드. 뮤트/저음 정리 + 다운비트 정확도가 곡을 살림. 난이도 Lv.4(상급) — 핵심: 갤로핑, 피킹, 지구력. 빠른 갤로핑 반복. 손 힘이 들어가면 템포가 내려가니 ‘힘 빼고’ 유지. 힘 빼고(특히 오른손), 동일 패턴을 2~3분 유지하는 체력/안정성 훈련.",추천
S0113,The Trooper,Iron Maiden,Lv.4,Metal;Hard Rock,부수는/헤비,갤로핑;피킹;지구력;16비트,"헤비하고 공격적인 사운드. 뮤트/저음 정리 + 다운비트 정확도가 곡을 살림. 난이도 Lv.4(상급) — 핵심: 갤로핑, 피킹, 지구력. 갤로핑 리듬 지구력 테스트. 피킹을 작게/가볍게 해서 오래 버티기. 힘 빼고(특히 오른손), 동일 패턴을 2~3분 유지하는 체력/안정성 훈련.",추천
S0114,Peace Sells,Megadeth,Lv.4,Metal;Rock,부수는/헤비,갤로핑;피킹;지구력;16비트;싱코페이션,"헤비하고 공격적인 사운드. 뮤트/저음 정리 + 다운비트 정확도가 곡을 살림. 난이도 Lv.4(상급) — 핵심: 갤로핑, 피킹, 지구력. 메탈 리프+그루브. 피킹 정확도와 쉼표 정리가 핵심. 힘 빼고(특히 오른손), 동일 패턴을 2~3분 유지하는 체력/안정성 훈련.",추천
S0115,Master of Puppets,Metallica,Lv.4,Metal;Rock,부수는/헤비,갤로핑;피킹;지구력;16비트,"헤비하고 공격적인 사운드. 뮤트/저음 정리 + 다운비트 정확도가 곡을 살림. 난이도 Lv.4(상급) — 핵심: 갤로핑, 피킹, 지구력. 고속 리프와 체력. 피킹을 너무 세게 치지 말고 ‘작게, 정확히’. 힘 빼고(특히 오른손), 동일 패턴을 2~3분 유지하는 체력/안정성 훈련.",추천
S0116,The Pot,Tool,Lv.4,Prog Rock;Rock,부수는/헤비,변박;카운팅;리프전환;포지션이동,"헤비하고 공격적인 사운드. 뮤트/저음 정리 + 다운비트 정확도가 곡을 살림. 난이도 Lv.4(상급) — 핵심: 변박, 카운팅, 리프전환. 리듬이 ‘걸리는’ 느낌을 살려야 함. 카운팅 + 뮤트로 저역 정리. 메트로놈으로 소절 단위(예: 7/8, 5/4)를 ‘말로 카운트’하면서 리듬을 쪼개서 연습.",추천
S0117,Kid Charlemagne,Steely Dan,Lv.4,Jazz Rock;Rock,서사/프로그,16비트;싱코페이션;고스트노트;포켓,"파트 전환이 많고 전개가 큰 곡. 폼 암기 + 카운팅 능력이 필수. 난이도 Lv.4(상급) — 핵심: 16비트, 싱코페이션, 고스트노트. 섹션별 라인 변화가 많음. 폼 암기 + 리프 전환을 정확히. 왼손 릴리즈(뮤트)와 오른손 액센트 대비로 ‘쉼표가 들리게’ 만들기.",추천
S0118,Violet Wand,국카스텐,Lv.4,Korea;Alt Rock,서사/프로그,리프전환;다이내믹;포지션이동;톤컨트롤,섹션이 바뀔 때 베이스의 톤/어택 변화가 중요한 곡. 라인은 중상급이지만 ‘연주 태도(다이내믹)’가 더 어렵다. 작은 소리에서도 노트가 또렷하게 나게 연습.,추천
S0119,Hallowed Be Thy Name,Iron Maiden,Lv.4,Metal;Hard Rock,서사/프로그,갤로핑;피킹;지구력;16비트,"파트 전환이 많고 전개가 큰 곡. 폼 암기 + 카운팅 능력이 필수. 난이도 Lv.4(상급) — 핵심: 갤로핑, 피킹, 지구력. 전개형 메탈. 파트별 리듬/포지션 변화가 많아 폼 암기가 난이도. 힘 빼고(특히 오른손), 동일 패턴을 2~3분 유지하는 체력/안정성 훈련.",추천
S0120,Orion,Metallica,Lv.4,Metal;Rock,서사/프로그,갤로핑;피킹;지구력;16비트,"파트 전환이 많고 전개가 큰 곡. 폼 암기 + 카운팅 능력이 필수. 난이도 Lv.4(상급) — 핵심: 갤로핑, 피킹, 지구력. 길고 전개가 많은 곡. 섹션별 리프를 따로 외운 뒤 연결하면 훨씬 수월. 힘 빼고(특히 오른손), 동일 패턴을 2~3분 유지하는 체력/안정성 훈련.",추천
S0121,Owner of a Lonely Heart,Yes,Lv.4,Prog Rock;Pop Rock,서사/프로그,변박;카운팅;리프전환;포지션이동,"파트 전환이 많고 전개가 큰 곡. 폼 암기 + 카운팅 능력이 필수. 난이도 Lv.4(상급) — 핵심: 변박, 카운팅, 리프전환. 리프/브레이크가 많아 합주에서 실수가 잘 드러남. 구간별로 끊어 연습하기. 메트로놈으로 소절 단위(예: 7/8, 5/4)를 ‘말로 카운트’하면서 리듬을 쪼개서 연습.",추천
S0122,Limelight,Rush,Lv.4,Prog Rock;Rock,서사/프로그,변박;카운팅;리프전환;포지션이동,"파트 전환이 많고 전개가 큰 곡. 폼 암기 + 카운팅 능력이 필수. 난이도 Lv.4(상급) — 핵심: 변박, 카운팅, 리프전환. 프레이즈가 길고 전개가 많음. 메트로놈으로 섹션별 템포 안정화. 메트로놈으로 소절 단위(예: 7/8, 5/4)를 ‘말로 카운트’하면서 리듬을 쪼개서 연습.",추천
S0123,The Spirit of Radio,Rush,Lv.4,Prog Rock;Rock,서사/프로그,변박;카운팅;리프전환;포지션이동,"파트 전환이 많고 전개가 큰 곡. 폼 암기 + 카운팅 능력이 필수. 난이도 Lv.4(상급) — 핵심: 변박, 카운팅, 리프전환. 리듬 변환이 잦음. ‘카운트’를 먼저 확실히 잡고 라인을 얹기. 메트로놈으로 소절 단위(예: 7/8, 5/4)를 ‘말로 카운트’하면서 리듬을 쪼개서 연습.",추천
S0124,Tom Sawyer,Rush,Lv.4,Prog Rock;Rock,서사/프로그,변박;카운팅;리프전환;포지션이동,"파트 전환이 많고 전개가 큰 곡. 폼 암기 + 카운팅 능력이 필수. 난이도 Lv.4(상급) — 핵심: 변박, 카운팅, 리프전환. 프로그 기본기: 리프 전환/카운팅. 파트마다 손 모양이 바뀌어 폼 암기 중요. 메트로놈으로 소절 단위(예: 7/8, 5/4)를 ‘말로 카운트’하면서 리듬을 쪼개서 연습.",추천
S0125,Forty Six & 2,Tool,Lv.4,Prog Rock;Rock,서사/프로그,변박;카운팅;리프전환;포지션이동,"파트 전환이 많고 전개가 큰 곡. 폼 암기 + 카운팅 능력이 필수. 난이도 Lv.4(상급) — 핵심: 변박, 카운팅, 리프전환. 리프가 반복되지만 악센트가 까다로움. 드럼과 유니즌 악센트 체크. 메트로놈으로 소절 단위(예: 7/8, 5/4)를 ‘말로 카운트’하면서 리듬을 쪼개서 연습.",추천
S0126,Schism,Tool,Lv.4,Prog Rock;Rock,서사/프로그,변박;카운팅;리프전환;포지션이동,"파트 전환이 많고 전개가 큰 곡. 폼 암기 + 카운팅 능력이 필수. 난이도 Lv.4(상급) — 핵심: 변박, 카운팅, 리프전환. 변박/리듬 전환이 핵심. 소절을 쪼개서 카운팅→연결 순서로 연습. 메트로놈으로 소절 단위(예: 7/8, 5/4)를 ‘말로 카운트’하면서 리듬을 쪼개서 연습.",추천
S0127,Roundabout,Yes,Lv.4,Prog Rock;Rock,서사/프로그,변박;카운팅;리프전환;포지션이동,"파트 전환이 많고 전개가 큰 곡. 폼 암기 + 카운팅 능력이 필수. 난이도 Lv.4(상급) — 핵심: 변박, 카운팅, 리프전환. 프로그 록의 기본 과제. 파트가 길고 변형이 많아 폼 암기와 카운팅이 핵심. 메트로놈으로 소절 단위(예: 7/8, 5/4)를 ‘말로 카운트’하면서 리듬을 쪼개서 연습.",추천
S0128,Hysteria,Muse,Lv.4,Alt Rock;Rock,신나는/질주,빠른템포;지구력;타이트한8비트;뮤트,"달리는 에너지의 곡. 일정한 어택과 지구력(오른손/왼손)이 실력의 대부분. 난이도 Lv.4(상급) — 핵심: 빠른템포, 지구력, 타이트한8비트. 대표적인 지구력 곡. 리프를 ‘끝까지 같은 텐션’으로 유지하는 게 난이도 핵심. 힘 빼고(특히 오른손), 동일 패턴을 2~3분 유지하는 체력/안정성 훈련.",추천
S0129,Time Is Running Out,Muse,Lv.4,Alt Rock;Rock,신나는/질주,빠른템포;지구력;타이트한8비트;뮤트;싱코페이션,"달리는 에너지의 곡. 일정한 어택과 지구력(오른손/왼손)이 실력의 대부분. 난이도 Lv.4(상급) — 핵심: 빠른템포, 지구력, 타이트한8비트. 리프가 굴러가는 타이밍이 중요. 왼손 뮤트로 저역 노이즈를 잡아주기. 힘 빼고(특히 오른손), 동일 패턴을 2~3분 유지하는 체력/안정성 훈련.",추천
S0130,Around the World,Red Hot Chili Peppers,Lv.4,Funk Rock;Rock,신나는/질주,빠른템포;지구력;타이트한8비트;뮤트,"달리는 에너지의 곡. 일정한 어택과 지구력(오른손/왼손)이 실력의 대부분. 난이도 Lv.4(상급) — 핵심: 빠른템포, 지구력, 타이트한8비트. 속도/지구력 + 포지션 이동. 힘 빼고 손가락을 ‘작게’ 써야 끝까지 감. 힘 빼고(특히 오른손), 동일 패턴을 2~3분 유지하는 체력/안정성 훈련.",추천
S0131,Flash!!!,King Gnu,Lv.4,Japan;Indie Pop,신나는/질주,8비트;싱코페이션;포지션이동;뮤트;지구력,기본은 록 8비트지만 중간중간 싱코가 들어간다. 한 번 흔들리면 복구가 어려워 ‘코어 박’ 유지가 관건. 오른손 뮤트를 섞어 저역을 정리하면 더 타이트해진다.,추천
S0132,夜に駆ける (Yoru ni Kakeru),YOASOBI,Lv.4,Japan;Pop,신나는/질주,고속8비트;포지션이동;지구력;정확한타이밍,템포가 빠르고 라인이 끊기지 않아 체력 훈련에 좋다. 노트는 단순해 보여도 타이밍이 흔들리면 바로 티남. 메트로놈으로 2·4에 맞춰 ‘달리는 안정감’을 만들기.,추천
S0133,HONEY,L'Arc~en~Ciel,Lv.4,Japan;Pop Rock,신나는/질주,고속8비트;포지션이동;리프반복;지구력,J-록의 에너지와 속도를 체감하기 좋은 곡. 기본은 8비트지만 템포가 빨라 체력/정확도가 관건. 왼손 힘을 빼고 ‘가볍게 누르며’ 끝까지 일정한 어택 유지.,추천
S0134,스크래치 (Scratch),국카스텐,Lv.4,Korea;Alt Rock,신나는/질주,리프반복;싱코페이션;포지션이동;뮤트;지구력,빠른 리프 반복 위에 베이스가 드라이브를 거는 곡. 싱코페이션이 많아 ‘발(킥) 기준’으로 박을 고정해야 함. 포지션 이동을 최소화하는 운지가 효율적.,추천
S0135,매미,쏜애플,Lv.4,Korea;Indie Rock,신나는/질주,빠른템포;지구력;타이트한8비트;뮤트,"달리는 에너지의 곡. 일정한 어택과 지구력(오른손/왼손)이 실력의 대부분. 난이도 Lv.4(상급) — 핵심: 빠른템포, 지구력, 타이트한8비트. 드라이브가 강하고 전개가 빨라 ‘폼’이 중요. 클릭에 고정하고 파트 전환 체크. 힘 빼고(특히 오른손), 동일 패턴을 2~3분 유지하는 체력/안정성 훈련.",추천
S0136,오리날다 (Live Ver. 연습 추천),체리필터,Lv.4,Korea;Pop Rock,신나는/질주,빠른템포;지구력;타이트한8비트;뮤트,"달리는 에너지의 곡. 일정한 어택과 지구력(오른손/왼손)이 실력의 대부분. 난이도 Lv.4(상급) — 핵심: 빠른템포, 지구력, 타이트한8비트. 라이브 템포가 빨라지면 체력전. 롱런 가능한 핑거링/피킹 전략이 필요. 힘 빼고(특히 오른손), 동일 패턴을 2~3분 유지하는 체력/안정성 훈련.",추천
S0137,Rio,Duran Duran,Lv.4,New Wave;Pop Rock,신나는/질주,16비트;싱코페이션;고스트노트;포켓,"달리는 에너지의 곡. 일정한 어택과 지구력(오른손/왼손)이 실력의 대부분. 난이도 Lv.4(상급) — 핵심: 16비트, 싱코페이션, 고스트노트. 뉴웨이브 베이스 교과서. 빠른 16비트/줄 이동에서 정확한 뮤트가 관건. 왼손 릴리즈(뮤트)와 오른손 액센트 대비로 ‘쉼표가 들리게’ 만들기.",추천
S0138,Message in a Bottle,The Police,Lv.4,New Wave;Rock,신나는/질주,빠른템포;지구력;타이트한8비트;뮤트;싱코페이션,"달리는 에너지의 곡. 일정한 어택과 지구력(오른손/왼손)이 실력의 대부분. 난이도 Lv.4(상급) — 핵심: 빠른템포, 지구력, 타이트한8비트. 빠른 8비트/줄 이동 + 포켓 유지. 스케일 이동 시 노이즈를 뮤트로 잡기. 힘 빼고(특히 오른손), 동일 패턴을 2~3분 유지하는 체력/안정성 훈련.",추천
S0139,Longview,Green Day,Lv.4,Pop Punk;Rock,신나는/질주,빠른템포;지구력;다운피킹/피킹;타이트한8비트;해머온/풀오프,"달리는 에너지의 곡. 일정한 어택과 지구력(오른손/왼손)이 실력의 대부분. 난이도 Lv.4(상급) — 핵심: 빠른템포, 지구력, 다운피킹/피킹. 펑크지만 라인이 바쁨. 해머온/풀오프를 ‘작게’ 써서 템포를 안정시키기. 힘 빼고(특히 오른손), 동일 패턴을 2~3분 유지하는 체력/안정성 훈련.",추천
S0140,Plastic Love,竹内まりや (Mariya Takeuchi),Lv.4,Japan;City Pop,잔잔한/감성,16비트;싱코페이션;포켓;톤컨트롤;롱톤,부드러운 시티팝이지만 베이스는 꾸준히 움직인다. 노트보다 ‘톤과 포켓’이 중요. 너무 세게 치지 말고 일정한 다이내믹으로 ‘편안한 그루브’를 유지하는 연습곡.,추천
S0141,白日 (Hakujitsu),King Gnu,Lv.4,Japan;Indie Pop,잔잔한/감성,멜로딕라인;포지션이동;롱톤;다이내믹;음정,서정적인 보컬 뒤에서 베이스가 멜로디를 받쳐준다. 음 길이/비브라토/강약을 잘 다루면 곡이 확 살아남. 빠르진 않지만 ‘정확한 음정과 톤’이 난이도 포인트.,추천
S0142,Endless Rain,X JAPAN,Lv.4,Japan;Rock,잔잔한/감성,롱톤;다이내믹;음정;템포유지;톤컨트롤,발라드/록에서 베이스가 감정을 만드는 대표곡. 화려한 테크닉보다 ‘롱톤 음정+호흡’이 어렵다. 2·4 박을 놓치지 않으면서 볼륨 스웰/다이내믹을 섬세하게.,추천
S0143,Peg,Steely Dan,Lv.4,Jazz Rock;Pop Rock,잔잔한/감성,16비트;싱코페이션;고스트노트;포켓,"잔잔하고 서정적인 분위기. 베이스가 ‘톤/음 길이’로 곡의 감정을 받쳐줘야 함. 난이도 Lv.4(상급) — 핵심: 16비트, 싱코페이션, 고스트노트. 깔끔한 그루브가 생명. ‘한 음 한 음’ 톤/길이를 정교하게 맞추는 연습. 왼손 릴리즈(뮤트)와 오른손 액센트 대비로 ‘쉼표가 들리게’ 만들기.",추천
S0144,"Then, Now and Forever",CNBLUE,Lv.4,Korea;Pop Rock,잔잔한/감성,리프반복;타이트한8비트;뮤트;포지션이동;싱코페이션,"잔잔하고 서정적인 분위기. 베이스가 ‘톤/음 길이’로 곡의 감정을 받쳐줘야 함. 난이도 Lv.4(상급) — 핵심: 리프반복, 타이트한8비트, 뮤트. 감성 곡이지만 리듬 말맛이 있음. 박을 앞당기지 말고 포켓 유지. 킥 드럼과 타이트하게 붙이면서 음 길이(특히 쉼표)를 정확히 통제.",추천
S0145,Ramble On,Led Zeppelin,Lv.4,Rock;Blues Rock,잔잔한/감성,리프반복;타이트한8비트;뮤트;포지션이동,"잔잔하고 서정적인 분위기. 베이스가 ‘톤/음 길이’로 곡의 감정을 받쳐줘야 함. 난이도 Lv.4(상급) — 핵심: 리프반복, 타이트한8비트, 뮤트. 멜로딕한 라인이 많아 왼손 이동이 잦음. 노이즈 뮤트와 음정 정확도 체크. 킥 드럼과 타이트하게 붙이면서 음 길이(특히 쉼표)를 정확히 통제.",추천
S0146,Good Times,Chic,Lv.4,Disco;Funk,흥겨운/댄서블,8비트;옥타브;뮤트;포켓;16비트,"리듬이 앞으로 끌고 가는 댄서블한 곡. 킥과 포켓을 타이트하게 맞추는 게 핵심. 난이도 Lv.4(상급) — 핵심: 8비트, 옥타브, 뮤트. 디스코 베이스 교과서. 16비트 뉘앙스와 옥타브/고스트 처리로 ‘춤’이 나오게. 옥타브 점프에서 왼손 뮤트(안 쓰는 줄)를 확실히 잡아 노이즈를 줄이기.",추천
S0147,Cosmic Girl,Jamiroquai,Lv.4,Disco;Funk,흥겨운/댄서블,8비트;옥타브;뮤트;포켓;16비트,"리듬이 앞으로 끌고 가는 댄서블한 곡. 킥과 포켓을 타이트하게 맞추는 게 핵심. 난이도 Lv.4(상급) — 핵심: 8비트, 옥타브, 뮤트. 디스코-펑크 라인. 옥타브 점프와 16비트 뮤트가 정확해야 춤추는 느낌이 남. 옥타브 점프에서 왼손 뮤트(안 쓰는 줄)를 확실히 잡아 노이즈를 줄이기.",추천
S0148,Cory Wong,Vulfpeck,Lv.4,Funk;Funk Pop,흥겨운/댄서블,16비트;싱코페이션;고스트노트;포켓,"리듬이 앞으로 끌고 가는 댄서블한 곡. 킥과 포켓을 타이트하게 맞추는 게 핵심. 난이도 Lv.4(상급) — 핵심: 16비트, 싱코페이션, 고스트노트. 리듬 기타와 유니즌 느낌. 베이스는 ‘포켓’에만 집중하면 훨씬 잘 들림. 왼손 릴리즈(뮤트)와 오른손 액센트 대비로 ‘쉼표가 들리게’ 만들기.",추천
S0149,Sir Duke,Stevie Wonder,Lv.4,Funk;Soul,흥겨운/댄서블,싱코페이션;라인메모리;고스트노트;포켓,"리듬이 앞으로 끌고 가는 댄서블한 곡. 킥과 포켓을 타이트하게 맞추는 게 핵심. 난이도 Lv.4(상급) — 핵심: 싱코페이션, 라인메모리, 고스트노트. 멜로디가 살아있는 라인. ‘스윙감/싱코페이션’을 너무 딱딱하게 치지 않기. 왼손 릴리즈(뮤트)와 오른손 액센트 대비로 ‘쉼표가 들리게’ 만들기.",추천
S0150,Bomber,山下達郎 (Tatsuro Yamashita),Lv.4,Japan;City Pop,흥겨운/댄서블,16비트;고스트노트;포켓;옥타브;지구력,시티팝 특유의 촘촘한 16비트 그루브. 고스트노트와 옥타브를 섞어 ‘춤추는 저역’을 만드는 연습에 최고. 드럼 킥과의 포켓을 가장 먼저 맞추자.,추천
S0151,Josie,Steely Dan,Lv.4,Jazz Rock;Rock,흥겨운/댄서블,16비트;싱코페이션;고스트노트;포켓,"리듬이 앞으로 끌고 가는 댄서블한 곡. 킥과 포켓을 타이트하게 맞추는 게 핵심. 난이도 Lv.4(상급) — 핵심: 16비트, 싱코페이션, 고스트노트. 그루브가 촘촘한 곡. 쉼표/액센트가 정확해야 세련된 느낌이 남. 왼손 릴리즈(뮤트)와 오른손 액센트 대비로 ‘쉼표가 들리게’ 만들기.",추천
S0152,Girls on Film,Duran Duran,Lv.4,New Wave;Pop Rock,흥겨운/댄서블,16비트;싱코페이션;고스트노트;포켓,"리듬이 앞으로 끌고 가는 댄서블한 곡. 킥과 포켓을 타이트하게 맞추는 게 핵심. 난이도 Lv.4(상급) — 핵심: 16비트, 싱코페이션, 고스트노트. 16비트 그루브가 핵심. 고스트노트로 리듬을 ‘살짝’ 채우는 감각 연습. 왼손 릴리즈(뮤트)와 오른손 액센트 대비로 ‘쉼표가 들리게’ 만들기.",추천
S0153,Silly Love Songs,Wings,Lv.4,Pop Rock;Pop,흥겨운/댄서블,싱코페이션;라인메모리;고스트노트;포켓,"리듬이 앞으로 끌고 가는 댄서블한 곡. 킥과 포켓을 타이트하게 맞추는 게 핵심. 난이도 Lv.4(상급) — 핵심: 싱코페이션, 라인메모리, 고스트노트. 멜로딕한 베이스라인의 정석. 라인 메모리 + 톤/어택 균일이 포인트. 왼손 릴리즈(뮤트)와 오른손 액센트 대비로 ‘쉼표가 들리게’ 만들기.",추천
S0154,Big Time,Peter Gabriel,Lv.4,Pop;Funk Pop,흥겨운/댄서블,16비트;싱코페이션;고스트노트;포켓,"리듬이 앞으로 끌고 가는 댄서블한 곡. 킥과 포켓을 타이트하게 맞추는 게 핵심. 난이도 Lv.4(상급) — 핵심: 16비트, 싱코페이션, 고스트노트. 리듬이 타이트한 팝펑크. 고스트노트 볼륨이 너무 크면 지저분해짐. 왼손 릴리즈(뮤트)와 오른손 액센트 대비로 ‘쉼표가 들리게’ 만들기.",추천
S0155,Sledgehammer,Peter Gabriel,Lv.4,Pop;Funk Pop,흥겨운/댄서블,16비트;싱코페이션;고스트노트;포켓;뮤트컨트롤,"리듬이 앞으로 끌고 가는 댄서블한 곡. 킥과 포켓을 타이트하게 맞추는 게 핵심. 난이도 Lv.4(상급) — 핵심: 16비트, 싱코페이션, 고스트노트. 팝이지만 베이스가 주인공. 뮤트/어택을 균일하게 유지하면 바로 ‘프로 톤’. 왼손 릴리즈(뮤트)와 오른손 액센트 대비로 ‘쉼표가 들리게’ 만들기.",추천
S0156,I Want You Back,The Jackson 5,Lv.4,Soul;Funk,흥겨운/댄서블,싱코페이션;라인메모리;고스트노트;포켓,"리듬이 앞으로 끌고 가는 댄서블한 곡. 킥과 포켓을 타이트하게 맞추는 게 핵심. 난이도 Lv.4(상급) — 핵심: 싱코페이션, 라인메모리, 고스트노트. 빠른 모타운 라인. 줄 이동/싱코페이션을 고르게 유지해야 끝까지 흔들리지 않음. 왼손 릴리즈(뮤트)와 오른손 액센트 대비로 ‘쉼표가 들리게’ 만들기.",추천
S0157,Tommy the Cat,Primus,Lv.5,Funk Rock;Rock,그루브/펑키,슬랩;팝핑;고스트노트;16비트;그루브,"포켓/그루브가 전부인 펑키 타입. 쉼표, 고스트노트, 액센트 컨트롤이 포인트. 난이도 Lv.5(최상급) — 핵심: 슬랩, 팝핑, 고스트노트. 레슬리식 ‘말하는’ 베이스. 슬랩+프레이징이 동시에 어려움. 썸/팝 볼륨을 균일하게 맞추고, 고스트노트를 ‘작게’ 넣어 그루브를 정리.",추천
S0158,Soul Vaccination,Tower of Power,Lv.5,Funk;Funk Rock,그루브/펑키,16비트;싱코페이션;고스트노트;포켓,"포켓/그루브가 전부인 펑키 타입. 쉼표, 고스트노트, 액센트 컨트롤이 포인트. 난이도 Lv.5(최상급) — 핵심: 16비트, 싱코페이션, 고스트노트. 그루브 유지 + 필 인. 손이 바빠도 포켓이 흔들리면 실패. 왼손 릴리즈(뮤트)와 오른손 액센트 대비로 ‘쉼표가 들리게’ 만들기.",추천
S0159,What Is Hip?,Tower of Power,Lv.5,Funk;Funk Rock,그루브/펑키,16비트;싱코페이션;고스트노트;포켓,"포켓/그루브가 전부인 펑키 타입. 쉼표, 고스트노트, 액센트 컨트롤이 포인트. 난이도 Lv.5(최상급) — 핵심: 16비트, 싱코페이션, 고스트노트. Rocco식 16비트 고스트 컨트롤의 끝판왕. ‘쉼표’가 들리게 연주하기. 왼손 릴리즈(뮤트)와 오른손 액센트 대비로 ‘쉼표가 들리게’ 만들기.",추천
S0160,Run for Cover,Marcus Miller,Lv.5,Funk;Fusion,그루브/펑키,슬랩;팝핑;고스트노트;16비트;그루브,"포켓/그루브가 전부인 펑키 타입. 쉼표, 고스트노트, 액센트 컨트롤이 포인트. 난이도 Lv.5(최상급) — 핵심: 슬랩, 팝핑, 고스트노트. 슬랩/팝의 정석. 템포가 올라가도 고스트노트가 흐트러지지 않게. 썸/팝 볼륨을 균일하게 맞추고, 고스트노트를 ‘작게’ 넣어 그루브를 정리.",추천
S0161,U Can't Hold No Groove,Victor Wooten,Lv.5,Funk;Solo Bass,그루브/펑키,슬랩;팝핑;고스트노트;16비트;그루브,"포켓/그루브가 전부인 펑키 타입. 쉼표, 고스트노트, 액센트 컨트롤이 포인트. 난이도 Lv.5(최상급) — 핵심: 슬랩, 팝핑, 고스트노트. 그루브가 최우선인데 테크닉도 빡셈. 고스트노트 ‘작게’ 넣어서 포켓 유지. 썸/팝 볼륨을 균일하게 맞추고, 고스트노트를 ‘작게’ 넣어 그루브를 정리.",추천
S0162,Flight of the Cosmic Hippo,Béla Fleck and the Flecktones,Lv.5,Fusion;Funk,그루브/펑키,고속16비트;스트링스킵;하이포지션;라인메모리;리듬카운팅,"포켓/그루브가 전부인 펑키 타입. 쉼표, 고스트노트, 액센트 컨트롤이 포인트. 난이도 Lv.5(최상급) — 핵심: 고속16비트, 스트링스킵, 하이포지션. 점프/하이포지션 이동이 많음. 손 모양을 미리 준비해서 ‘튕김’을 줄이기. 킥 드럼과 타이트하게 붙이면서 음 길이(특히 쉼표)를 정확히 통제.",추천
S0163,School Days,Stanley Clarke,Lv.5,Fusion;Funk,그루브/펑키,슬랩;팝핑;고스트노트;16비트;그루브,"포켓/그루브가 전부인 펑키 타입. 쉼표, 고스트노트, 액센트 컨트롤이 포인트. 난이도 Lv.5(최상급) — 핵심: 슬랩, 팝핑, 고스트노트. 클래식한 슬랩 과제. 썸/팝의 음량 밸런스 + 고스트노트가 핵심. 썸/팝 볼륨을 균일하게 맞추고, 고스트노트를 ‘작게’ 넣어 그루브를 정리.",추천
S0164,能動的三分間 (Noudouteki Sanpunkan),東京事変 (Tokyo Jihen),Lv.5,Japan;Jazz Rock,그루브/펑키,16비트;싱코페이션;고스트노트;포지션이동;포켓,재즈 록 그루브의 교과서급. 베이스가 계속 움직이지만 드럼 포켓에서 절대 벗어나면 안 됨. 고스트노트/뮤트 밸런스와 포지션 이동을 ‘최소 동작’으로 만들기.,추천
S0165,遭難 (Sounan),東京事変 (Tokyo Jihen),Lv.5,Japan;Jazz Rock,그루브/펑키,16비트;싱코페이션;라인전환;포지션이동;다이내믹,그루브가 촘촘하고 라인 전환이 잦다. 손이 바쁘지만 ‘강세 위치’만 정확하면 안정감이 생김. 베이스만 치지 말고 스네어 백비트/보컬 프레이즈와 같이 연습 추천.,추천
S0166,Actual Proof,Herbie Hancock,Lv.5,Jazz-Funk;Fusion,그루브/펑키,고속16비트;스트링스킵;하이포지션;라인메모리;리듬카운팅,"포켓/그루브가 전부인 펑키 타입. 쉼표, 고스트노트, 액센트 컨트롤이 포인트. 난이도 Lv.5(최상급) — 핵심: 고속16비트, 스트링스킵, 하이포지션. 고속 펑크+재즈 리듬. 고스트노트/악센트를 ‘작게 정확히’ 컨트롤. 킥 드럼과 타이트하게 붙이면서 음 길이(특히 쉼표)를 정확히 통제.",추천
S0167,Power,Marcus Miller,Lv.5,Funk;Fusion,부수는/헤비,슬랩;팝핑;고스트노트;16비트;그루브,"헤비하고 공격적인 사운드. 뮤트/저음 정리 + 다운비트 정확도가 곡을 살림. 난이도 Lv.5(최상급) — 핵심: 슬랩, 팝핑, 고스트노트. 강한 슬랩 그루브. 썸 어택이 과하면 뭉개져서 ‘짧고 또렷하게’. 썸/팝 볼륨을 균일하게 맞추고, 고스트노트를 ‘작게’ 넣어 그루브를 정리.",추천
S0168,Kurenai (紅),X JAPAN,Lv.5,Japan;Metal,부수는/헤비,고속피킹;유니즌리프;지구력;포지션이동;강한어택,스피드 메탈 템포의 대표곡. 기타 유니즌 리프가 많아 ‘타이트한 피킹’이 전부. 오른손 힘 빼고 메트로놈에 맞춰 다운/얼터네이트를 구간별로 최적화하면 체력 관리됨.,추천
S0169,Rusty Nail,X JAPAN,Lv.5,Japan;Metal,부수는/헤비,고속피킹;리프전환;포지션이동;지구력;다이내믹,"발라드-헤비 파트가 섞여 다이내믹 폭이 큰 곡. 헤비 파트에서 속도/정확도를 유지하면서도, 잔잔한 파트는 음 길이/톤을 안정적으로. 파트 전환이 난이도 포인트.",추천
S0170,Vitriol,국카스텐,Lv.5,Korea;Alt Rock,부수는/헤비,고속리프;싱코페이션;뮤트;포지션이동;지구력,헤비하고 몰아치는 얼터너티브 록. 리프가 빠르고 액센트가 까다로워 ‘뮤트+피킹/핑거 일관성’이 중요. 드럼 킥 패턴을 기준으로 정확히 락인하기.,추천
S0171,Storm Is Coming,피아,Lv.5,Korea;Alt Rock,부수는/헤비,리프전환;싱코페이션;뮤트;포지션이동;다이내믹,밀어붙이는 록/메탈 성향. 리프가 촘촘해서 뮤트가 흐리면 저역이 번진다. 킥 드럼과 ‘같이 치는 느낌’으로 어택을 통일하고 손가락/피킹 선택을 고정하자.,추천
S0172,Deconstruction,내귀에도청장치,Lv.5,Korea;Experimental,부수는/헤비,변박;리프전환;지구력;포지션이동;타이트한16비트,실험/록 성향의 곡으로 그루브가 계속 변한다. 빠른 16비트와 리프 전환을 ‘끊김 없이’ 이어주는 체력이 난이도 포인트. 메트로놈으로 섹션별 BPM 체크 추천.,추천
S0173,Farewell to Love,시나위,Lv.5,Korea;Hard Rock,부수는/헤비,록피킹;리프전환;포지션이동;지구력;강한어택,클래식 K-하드록. 강한 어택과 빠른 리프가 이어져 피킹 지구력이 핵심. ‘기타와 유니즌’ 구간에서 타이밍/튜닝이 바로 드러나니 정확도 우선으로 연습.,추천
S0174,Karma,메스그램,Lv.5,Korea;Metal,부수는/헤비,고속피킹;지구력;더블타임;뮤트;정확한왼손,모던 메탈 계열로 속도감이 강함. 고속 피킹/더블타임에서 ‘왼손 클린함’이 핵심. 필요하면 다운피킹/얼터네이트를 구간별로 나눠 체력 관리하며 연습.,추천
S0175,Panic Attack,Dream Theater,Lv.5,Prog Metal;Metal,부수는/헤비,변박;카운팅;리프전환;포지션이동;피킹,"헤비하고 공격적인 사운드. 뮤트/저음 정리 + 다운비트 정확도가 곡을 살림. 난이도 Lv.5(최상급) — 핵심: 변박, 카운팅, 리프전환. 고속 피킹/리프 반복 지구력. 손에 힘이 들어가면 바로 무너짐—작게, 정확히. 메트로놈으로 소절 단위(예: 7/8, 5/4)를 ‘말로 카운트’하면서 리듬을 쪼개서 연습.",추천
S0176,Anesthesia (Pulling Teeth),Metallica,Lv.5,Solo Bass;Metal,부수는/헤비,하모닉스;코드/더블스톱;탭핑;뮤트컨트롤;하이포지션;디스토션/이펙트,"헤비하고 공격적인 사운드. 뮤트/저음 정리 + 다운비트 정확도가 곡을 살림. 난이도 Lv.5(최상급) — 핵심: 하모닉스, 코드/더블스톱, 탭핑. 솔로 베이스 과제. 피치/비브라토/하모닉/탭핑 등 표현 요소를 분리해서 연습. 하모닉 포인트 정확도 + 공진/노이즈를 왼손/오른손 뮤트로 정리.",추천
S0177,The Sinister Minister,Béla Fleck and the Flecktones,Lv.5,Fusion;Funk,서사/프로그,고속16비트;스트링스킵;하이포지션;라인메모리;리듬카운팅,"파트 전환이 많고 전개가 큰 곡. 폼 암기 + 카운팅 능력이 필수. 난이도 Lv.5(최상급) — 핵심: 고속16비트, 스트링스킵, 하이포지션. 유니즌·전개·속도 모두 난이도 최상. 클릭에 고정하고 구간별로 분해 연습. 킥 드럼과 타이트하게 붙이면서 음 길이(특히 쉼표)를 정확히 통제.",추천
S0178,Spain,Chick Corea,Lv.5,Fusion;Jazz,서사/프로그,고속16비트;스트링스킵;하이포지션;라인메모리;리듬카운팅,"파트 전환이 많고 전개가 큰 곡. 폼 암기 + 카운팅 능력이 필수. 난이도 Lv.5(최상급) — 핵심: 고속16비트, 스트링스킵, 하이포지션. 테마/솔로 전개에서 라인 변화가 많음. 코드톤/스케일 이해가 도움이 큼. 킥 드럼과 타이트하게 붙이면서 음 길이(특히 쉼표)를 정확히 통제.",추천
S0179,Got a Match?,Chick Corea Elektric Band,Lv.5,Fusion;Jazz,서사/프로그,고속16비트;스트링스킵;하이포지션;라인메모리;리듬카운팅,"파트 전환이 많고 전개가 큰 곡. 폼 암기 + 카운팅 능력이 필수. 난이도 Lv.5(최상급) — 핵심: 고속16비트, 스트링스킵, 하이포지션. 초고속 전개/유니즌. 손가락 속도보다 ‘리듬 정확도’가 먼저. 킥 드럼과 타이트하게 붙이면서 음 길이(특히 쉼표)를 정확히 통제.",추천
S0180,path,toe,Lv.5,Japan;Experimental,서사/프로그,변박;그루브유지;다이내믹;고스트노트;합주정확도,매스/포스트록 계열. 음수는 많지 않아도 그루브가 미세하게 흔들리면 티가 난다. ‘드럼과 함께 카운팅’하며 다이내믹을 맞추는 합주형 난이도. 메트로놈+드럼트랙 추천.,추천
S0181,孤独の発明 (Invention of Solitude),toe,Lv.5,Japan;Experimental,서사/프로그,변박;폴리리듬;그루브유지;다이내믹;정확한타이밍,"베이스가 드럼과 맞물려 ‘퍼커시브’하게 움직이는 곡. 폴리리듬 감각이 없으면 바로 무너진다. 루프 구간을 짧게 잡고, ‘스네어 위치’를 기준으로 정렬시키는 연습이 효과적.",추천
S0182,99.974°C,tricot,Lv.5,Japan;Indie Rock,서사/프로그,변박;폴리리듬;16비트;포지션이동;지구력,"매스/수학 록 특유의 변박과 전개가 난이도. 라인이 빠르게 바뀌어 ‘카운팅+암기’가 필수. 손가락보다 머리가 더 바쁜 곡이라, 작은 섹션 단위로 끊어 연습하기.",추천
S0183,Spider,Herbie Hancock,Lv.5,Jazz-Funk;Fusion,서사/프로그,고속16비트;스트링스킵;하이포지션;라인메모리;리듬카운팅,"파트 전환이 많고 전개가 큰 곡. 폼 암기 + 카운팅 능력이 필수. 난이도 Lv.5(최상급) — 핵심: 고속16비트, 스트링스킵, 하이포지션. 리프와 전개가 복잡. 소절을 쪼개서 정확도 확보 후 속도 올리기. 킥 드럼과 타이트하게 붙이면서 음 길이(특히 쉼표)를 정확히 통제.",추천
S0184,오이디푸스,국카스텐,Lv.5,Korea;Alt Rock,서사/프로그,리프전환;다이내믹;포지션이동;템포관리;쉼표컨트롤,전개가 드라마틱한 록 넘버. 쉬는 구간과 폭발 구간의 대비가 커서 ‘쉼표 타이밍’이 관건. 라인 자체보다 파트 전환(톤/볼륨/어택) 관리가 어렵다.,추천
S0185,Différance,잠비나이,Lv.5,Korea;Experimental,서사/프로그,변박;다이내믹;롱톤;리듬변화;사운드컨트롤,"포스트록/실험음악 계열. 라인이 화려하기보다 ‘박자와 다이내믹’이 어렵다. 롱톤의 음정/지속, 크레센도 구간의 볼륨 컨트롤이 연주 퀄리티를 결정.",추천
S0186,멸종 (Extinction),쏜애플,Lv.5,Korea;Indie Rock,서사/프로그,슬랩;싱코페이션;뮤트;리듬변화;다이내믹,인디 록이지만 베이스가 공격적으로 움직이는 곡. 슬랩/뮤트 섞인 리듬이 흔들리면 전체가 무너짐. ‘정확한 고스트노트’와 액센트 위치를 먼저 고정하자.,추천
S0187,"Lazenca, Save Us (라젠카, Save Us)",N.EX.T,Lv.5,Korea;Prog Rock,서사/프로그,변박;리프전환;피킹;포지션이동;지구력,전개가 많은 한국 프로그 록. 리프/리듬이 자주 바뀌어 ‘암기+카운팅’이 핵심. 피킹으로 어택을 통일하고 포지션 점프를 미리 설계하면 완주가 쉬워짐.,추천
S0188,해에게서 소년에게,N.EX.T,Lv.5,Korea;Prog Rock,서사/프로그,리프전환;싱코페이션;다이내믹;포지션이동;템포관리,서사적인 곡 흐름을 베이스가 받쳐주는 타입. 파트별 다이내믹/톤 변화와 리듬 전환이 많아 집중력 요구. ‘다음 마디 준비’가 난이도를 좌우함.,추천
S0189,Metropolis Pt. 1,Dream Theater,Lv.5,Prog Metal;Prog Rock,서사/프로그,변박;카운팅;리프전환;포지션이동,"파트 전환이 많고 전개가 큰 곡. 폼 암기 + 카운팅 능력이 필수. 난이도 Lv.5(최상급) — 핵심: 변박, 카운팅, 리프전환. 리프/변박/유니즌이 많음. 베이스 단독 연습 후 드럼과 합쳐야 안정됨. 메트로놈으로 소절 단위(예: 7/8, 5/4)를 ‘말로 카운트’하면서 리듬을 쪼개서 연습.",추천
S0190,Heart of the Sunrise,Yes,Lv.5,Prog Rock,서사/프로그,전개많음;러닝라인;포지션이동;지구력;다이내믹,"프로그 록 대표 고난도. 섹션 전환이 많아 라인을 외우는 것 자체가 도전이다. 러닝라인에서 손이 꼬이기 쉬우니 포지션 설계를 먼저 하고, 다이내믹 대비까지 챙기면 완성도↑.",추천
S0191,Discipline,King Crimson,Lv.5,Prog Rock;Rock,서사/프로그,변박;카운팅;리프전환;포지션이동,"파트 전환이 많고 전개가 큰 곡. 폼 암기 + 카운팅 능력이 필수. 난이도 Lv.5(최상급) — 핵심: 변박, 카운팅, 리프전환. 폴리리듬/반복 패턴이 겹치는 구조. 카운팅을 확실히 하고 패턴을 ‘고정’해야 함. 메트로놈으로 소절 단위(예: 7/8, 5/4)를 ‘말로 카운트’하면서 리듬을 쪼개서 연습.",추천
S0192,La Villa Strangiato,Rush,Lv.5,Prog Rock;Rock,서사/프로그,변박;카운팅;리프전환;포지션이동,"파트 전환이 많고 전개가 큰 곡. 폼 암기 + 카운팅 능력이 필수. 난이도 Lv.5(최상급) — 핵심: 변박, 카운팅, 리프전환. 파트가 매우 많음. ‘폼 지도’를 그려서(섹션 이름/마디) 외우면 훨씬 수월. 메트로놈으로 소절 단위(예: 7/8, 5/4)를 ‘말로 카운트’하면서 리듬을 쪼개서 연습.",추천
S0193,YYZ,Rush,Lv.5,Prog Rock;Rock,서사/프로그,변박;카운팅;리프전환;포지션이동,"파트 전환이 많고 전개가 큰 곡. 폼 암기 + 카운팅 능력이 필수. 난이도 Lv.5(최상급) — 핵심: 변박, 카운팅, 리프전환. 속도·리듬·전개 3종 세트. 루프 구간을 클릭에 고정하고 점점 연결. 메트로놈으로 소절 단위(예: 7/8, 5/4)를 ‘말로 카운트’하면서 리듬을 쪼개서 연습.",추천
S0194,Siberian Khatru,Yes,Lv.5,Prog Rock;Rock,서사/프로그,변박;카운팅;리프전환;포지션이동,"파트 전환이 많고 전개가 큰 곡. 폼 암기 + 카운팅 능력이 필수. 난이도 Lv.5(최상급) — 핵심: 변박, 카운팅, 리프전환. 전개가 많고 라인이 길다. 섹션별 리프를 완전히 외운 뒤 연결하기. 메트로놈으로 소절 단위(예: 7/8, 5/4)를 ‘말로 카운트’하면서 리듬을 쪼개서 연습.",추천
S0195,Classical Thump,Victor Wooten,Lv.5,Solo Bass;Fusion,서사/프로그,하모닉스;코드/더블스톱;탭핑;뮤트컨트롤;하이포지션,"파트 전환이 많고 전개가 큰 곡. 폼 암기 + 카운팅 능력이 필수. 난이도 Lv.5(최상급) — 핵심: 하모닉스, 코드/더블스톱, 탭핑. 클래식/슬랩/탭핑이 섞인 종합 과제. 파트별로 기술을 분리 연습. 하모닉 포인트 정확도 + 공진/노이즈를 왼손/오른손 뮤트로 정리.",추천
S0196,Nite Sprite,Chick Corea Elektric Band,Lv.5,Fusion;Jazz,스윙/재즈,고속16비트;스트링스킵;하이포지션;라인메모리;리듬카운팅,"스윙/재즈 감각이 핵심. 코드톤 연결과 라인 흐름(호흡)이 난이도를 좌우. 난이도 Lv.5(최상급) — 핵심: 고속16비트, 스트링스킵, 하이포지션. 멜로디 베이스라인 + 빠른 변화. 하이포지션 음정과 라인 메모리 필수. 킥 드럼과 타이트하게 붙이면서 음 길이(특히 쉼표)를 정확히 통제.",추천
S0197,Havona,Weather Report,Lv.5,Fusion;Jazz,스윙/재즈,고속16비트;스트링스킵;하이포지션;라인메모리;리듬카운팅,"스윙/재즈 감각이 핵심. 코드톤 연결과 라인 흐름(호흡)이 난이도를 좌우. 난이도 Lv.5(최상급) — 핵심: 고속16비트, 스트링스킵, 하이포지션. 템포/리듬/전개가 모두 어려움. 소절 단위로 쪼개서 정확도→속도 순서로. 킥 드럼과 타이트하게 붙이면서 음 길이(특히 쉼표)를 정확히 통제.",추천
S0198,Teen Town,Weather Report,Lv.5,Fusion;Jazz-Funk,스윙/재즈,고속16비트;스트링스킵;하이포지션;라인메모리;리듬카운팅,"스윙/재즈 감각이 핵심. 코드톤 연결과 라인 흐름(호흡)이 난이도를 좌우. 난이도 Lv.5(최상급) — 핵심: 고속16비트, 스트링스킵, 하이포지션. 고속 16비트 + 줄 이동이 동시에. ‘손 힘 빼고’ 라인 메모리로 밀어붙이는 곡. 킥 드럼과 타이트하게 붙이면서 음 길이(특히 쉼표)를 정확히 통제.",추천
S0199,Midnight Rendezvous,CASIOPEA,Lv.5,Japan;Fusion,스윙/재즈,퓨전그루브;16비트;포지션이동;지구력;고스트노트,"베이스가 멜로디를 리드하는 퓨전 곡. 빠른 패시지와 그루브 파트가 교차해 ‘기어 변속’이 어렵다. 그루브 파트는 과하게 치지 말고, 런은 메트로놈으로 분할 연습.",추천
S0200,Time Limit,CASIOPEA,Lv.5,Japan;Fusion,스윙/재즈,퓨전런;16비트;포지션이동;지구력;정확한아티큘레이션,퓨전 스탠다드급 고난도. 스케일 런/싱코페이션이 끊임없이 이어져 오른손-왼손 싱크가 핵심. 느린 템포에서 아티큘레이션(붙임/끊음)을 통일한 뒤 올리자.,추천
S0201,Omens of Love,T-SQUARE,Lv.5,Japan;Fusion,스윙/재즈,퓨전런;16비트;포지션이동;지구력;코드톤의식,퓨전 합주에서 자주 나오는 ‘달리는’ 라인. 스케일을 아무렇게나 치면 음악성이 죽어버린다. 코드톤(3도/7도) 의식을 유지하면서 속도 올리면 실력이 확 올라감.,추천
S0202,Donna Lee,Jaco Pastorius,Lv.5,Jazz;Fusion,스윙/재즈,고속16비트;스트링스킵;하이포지션;라인메모리;리듬카운팅,"스윙/재즈 감각이 핵심. 코드톤 연결과 라인 흐름(호흡)이 난이도를 좌우. 난이도 Lv.5(최상급) — 핵심: 고속16비트, 스트링스킵, 하이포지션. 비밥 멜로디를 베이스로. 하이포지션 음정/프레이징이 관건. 킥 드럼과 타이트하게 붙이면서 음 길이(특히 쉼표)를 정확히 통제.",추천
S0203,Jerry Was a Race Car Driver,Primus,Lv.5,Funk Rock;Rock,신나는/질주,슬랩;팝핑;고스트노트;16비트;그루브,"달리는 에너지의 곡. 일정한 어택과 지구력(오른손/왼손)이 실력의 대부분. 난이도 Lv.5(최상급) — 핵심: 슬랩, 팝핑, 고스트노트. 속도/점프가 많아 실수 유발. 구간별로 손 모양을 고정해서 연습. 썸/팝 볼륨을 균일하게 맞추고, 고스트노트를 ‘작게’ 넣어 그루브를 정리.",추천
S0204,Get Up and Jump,Red Hot Chili Peppers,Lv.5,Funk Rock;Rock,신나는/질주,빠른템포;지구력;타이트한8비트;뮤트,"달리는 에너지의 곡. 일정한 어택과 지구력(오른손/왼손)이 실력의 대부분. 난이도 Lv.5(최상급) — 핵심: 빠른템포, 지구력, 타이트한8비트. 초기 RHCP 스타일 고속 라인. 템포 유지+지구력+뮤트까지 동시에 잡아야 함. 힘 빼고(특히 오른손), 동일 패턴을 2~3분 유지하는 체력/안정성 훈련.",추천
S0205,Shy Boy,David Lee Roth,Lv.5,Hard Rock;Rock,신나는/질주,고속16비트;스트링스킵;하이포지션;라인메모리;리듬카운팅;탭핑,"달리는 에너지의 곡. 일정한 어택과 지구력(오른손/왼손)이 실력의 대부분. 난이도 Lv.5(최상급) — 핵심: 고속16비트, 스트링스킵, 하이포지션. 빌리 시핸 스타일의 고속 라인. 손가락 속도보다 ‘정확한 리듬 분할’이 먼저. 양손 타이밍을 클릭에 고정하고, 음량 밸런스(탭/핑거 차이)를 맞추기.",추천
S0206,Addicted to That Rush,Mr. Big,Lv.5,Hard Rock;Rock,신나는/질주,고속16비트;스트링스킵;하이포지션;라인메모리;리듬카운팅;탭핑,"달리는 에너지의 곡. 일정한 어택과 지구력(오른손/왼손)이 실력의 대부분. 난이도 Lv.5(최상급) — 핵심: 고속16비트, 스트링스킵, 하이포지션. 록이지만 거의 솔로급 라인. 속도+포지션 이동+탭핑까지 종합적으로 요구. 양손 타이밍을 클릭에 고정하고, 음량 밸런스(탭/핑거 차이)를 맞추기.",추천
S0207,unravel,TK from 凛として時雨,Lv.5,Japan;Alt Rock,신나는/질주,고속리프;포지션이동;지구력;다이내믹;정확한타이밍,라인이 달리다가도 순간적으로 다이내믹이 꺼지는 구간이 많다. 속도만 맞추면 되는 곡이 아니라 ‘쉼표/강약’이 중요. 작은 구간 루프 연습으로 손에 붙이는 걸 추천.,추천
S0208,DIP-BAP,THE ORAL CIGARETTES,Lv.5,Japan;Indie Rock,신나는/질주,고속리프;리프전환;포지션이동;지구력;타이트한8비트,J-록 특유의 빠른 템포와 라인 전환이 매력. 손이 바쁜데도 타이트한 8비트 느낌을 잃으면 안 됨. 오른손 스트로크 각도를 고정하고 ‘템포 안에서 최소 이동’으로 정리하기.,추천
S0209,ブームに乗って (On The Boom),tricot,Lv.5,Japan;Indie Rock,신나는/질주,변박;리프전환;스트링스킵;포지션이동;지구력,템포감 있게 달리면서도 리프가 계속 바뀐다. 스트링 스킵/포지션 이동이 많아 왼손이 꼬이기 쉬움. ‘손 모양 유지’와 최소 이동 동선을 먼저 설계하면 훨씬 편해짐.,추천
S0210,Gimme Chocolate!!,BABYMETAL,Lv.5,Japan;Metal,신나는/질주,더블타임;피킹;지구력;뮤트;정확한왼손,"BPM 체감이 높아 ‘지구력’ 훈련에 최적. 피킹/뮤트가 흐트러지면 저역이 뭉개지므로, 손바닥 뮤트와 왼손 클린을 함께 연습. 일정한 어택으로 끝까지 밀기.",추천
S0211,Boukan (傍観),凛として時雨 (Ling Tosite Sigure),Lv.5,Japan;Post-punk,신나는/질주,고속16비트;포지션이동;리프전환;지구력;타이트한뮤트,고속 알터너티브/포스트펑크. 템포가 빠른데 라인이 계속 움직여 왼손이 빡빡함. ‘가볍게 뮤트하면서도 명확한 음정’이 중요. 속도보다 클린 톤을 먼저 만들자.,추천
S0212,Maxwell Murder,Rancid,Lv.5,Punk Rock,신나는/질주,고속피킹;베이스솔로;포지션이동;지구력;정확한타이밍,펑크인데 ‘베이스 솔로’가 터지는 전설급 연습곡. 고속 피킹과 포지션 점프가 동시에 요구돼 상급자 훈련에 좋다. 솔로 구간은 느리게 운지 정리 후 단계적으로 속도 올리기.,추천
S0213,The Real Me,The Who,Lv.5,Rock,신나는/질주,러닝라인;포지션이동;지구력;싱코페이션;다이내믹,존 엔트위슬 스타일의 ‘달리는’ 록 베이스. 라인이 계속 전진해서 체력과 정확도가 핵심. 드럼에만 붙지 말고 보컬 멜로디 아래에서 ‘멜로딕하게’ 연결하는 감각도 필요.,추천
S0214,Portrait of Tracy,Jaco Pastorius,Lv.5,Solo Bass,잔잔한/감성,하모닉스;코드/더블스톱;탭핑;뮤트컨트롤;하이포지션,"잔잔하고 서정적인 분위기. 베이스가 ‘톤/음 길이’로 곡의 감정을 받쳐줘야 함. 난이도 Lv.5(최상급) — 핵심: 하모닉스, 코드/더블스톱, 탭핑. 하모닉 솔로의 클래식. 하모닉 위치 정확도와 뮤트 컨트롤이 전부. 하모닉 포인트 정확도 + 공진/노이즈를 왼손/오른손 뮤트로 정리.",추천
S0215,Hair,Graham Central Station,Lv.5,Funk;Funk Rock,흥겨운/댄서블,슬랩;팝핑;고스트노트;16비트;그루브,"리듬이 앞으로 끌고 가는 댄서블한 곡. 킥과 포켓을 타이트하게 맞추는 게 핵심. 난이도 Lv.5(최상급) — 핵심: 슬랩, 팝핑, 고스트노트. 슬랩 리듬이 폭발하는 곡. 썸/팝의 ‘리듬 정밀도’가 난이도 핵심. 썸/팝 볼륨을 균일하게 맞추고, 고스트노트를 ‘작게’ 넣어 그루브를 정리.",추천
S0216,Lopsy Lu,Stanley Clarke,Lv.5,Fusion;Funk,흥겨운/댄서블,슬랩;팝핑;고스트노트;16비트;그루브,"리듬이 앞으로 끌고 가는 댄서블한 곡. 킥과 포켓을 타이트하게 맞추는 게 핵심. 난이도 Lv.5(최상급) — 핵심: 슬랩, 팝핑, 고스트노트. 슬랩+고속 리프. 오른손 리듬을 ‘드럼처럼’ 정확히 찍어야 함. 썸/팝 볼륨을 균일하게 맞추고, 고스트노트를 ‘작게’ 넣어 그루브를 정리.",추천
S0217,PA PA YA!!,BABYMETAL,Lv.5,Japan;Metal,흥겨운/댄서블,더블타임;피킹;싱코페이션;지구력;유니즌,"메탈인데 춤추는 그루브가 있는 곡. 더블타임 질주 속에서도 리듬 액센트가 살아야 한다. ‘강세만 또렷하게, 나머지는 가볍게’ 치면 체력도 절약되고 그루브도 살아남.",추천
S0218,ステレオ全開 (Stereo Zenkai),JUDY AND MARY,Lv.5,Japan;Pop Rock,흥겨운/댄서블,폴리리듬;싱코페이션;포지션이동;지구력;정확한박자,"밝은 팝록인데 리듬이 은근히 복잡하다. 폴리리듬/싱코가 섞여 ‘박이 흔들리기 쉬운’ 타입. 드럼 패턴을 먼저 분석하고, 베이스는 강세 위치만 확실히 고정하자.",추천
